series,win_idx,point_start_idx,point_end_idx,start_time,end_time,score,threshold
E-10,720,720,779,2020-01-01 00:12:00,2020-01-01 00:12:59,0.4725635349750518,0.4742532627923147
E-10,721,721,780,2020-01-01 00:12:01,2020-01-01 00:13:00,0.4755980840751103,0.4742532627923147
E-10,722,722,781,2020-01-01 00:12:02,2020-01-01 00:13:01,0.4757168292999267,0.4742532627923147
E-10,723,723,782,2020-01-01 00:12:03,2020-01-01 00:13:02,0.4750512540340423,0.4742532627923147
E-10,724,724,783,2020-01-01 00:12:04,2020-01-01 00:13:03,0.45968543631689884,0.4742532627923147
E-10,1166,1166,1225,2020-01-01 00:19:26,2020-01-01 00:20:25,0.46308798023632597,0.4742532627923147
E-10,1167,1167,1226,2020-01-01 00:19:27,2020-01-01 00:20:26,0.47739572184426443,0.4742532627923147
E-10,1168,1168,1227,2020-01-01 00:19:28,2020-01-01 00:20:27,0.4821015553815024,0.4742532627923147
E-10,1169,1169,1228,2020-01-01 00:19:29,2020-01-01 00:20:28,0.4821020875658308,0.4742532627923147
E-10,1170,1170,1229,2020-01-01 00:19:30,2020-01-01 00:20:29,0.4796763871397291,0.4742532627923147
E-10,1171,1171,1230,2020-01-01 00:19:31,2020-01-01 00:20:30,0.46097372685159954,0.4742532627923147
E-10,1405,1405,1464,2020-01-01 00:23:25,2020-01-01 00:24:24,0.4687992206641606,0.4742532627923147
E-10,1406,1406,1465,2020-01-01 00:23:26,2020-01-01 00:24:25,0.48022618889808655,0.4742532627923147
E-10,1407,1407,1466,2020-01-01 00:23:27,2020-01-01 00:24:26,0.48350968956947327,0.4742532627923147
E-10,1408,1408,1467,2020-01-01 00:23:28,2020-01-01 00:24:27,0.48548077685492375,0.4742532627923147
E-10,1409,1409,1468,2020-01-01 00:23:29,2020-01-01 00:24:28,0.4865967886788504,0.4742532627923147
E-10,1410,1410,1469,2020-01-01 00:23:30,2020-01-01 00:24:29,0.48754319548606867,0.4742532627923147
E-10,1411,1411,1470,2020-01-01 00:23:31,2020-01-01 00:24:30,0.4876962261540549,0.4742532627923147
E-10,1412,1412,1471,2020-01-01 00:23:32,2020-01-01 00:24:31,0.4993127584457397,0.4742532627923147
E-10,1413,1413,1472,2020-01-01 00:23:33,2020-01-01 00:24:32,0.5003577726227896,0.4742532627923147
E-10,1414,1414,1473,2020-01-01 00:23:34,2020-01-01 00:24:33,0.49403997829982205,0.4742532627923147
E-10,1415,1415,1474,2020-01-01 00:23:35,2020-01-01 00:24:34,0.4875741941588265,0.4742532627923147
E-10,1416,1416,1475,2020-01-01 00:23:36,2020-01-01 00:24:35,0.4816979893616267,0.4742532627923147
E-10,1417,1417,1476,2020-01-01 00:23:37,2020-01-01 00:24:36,0.47701980386461523,0.4742532627923147
E-10,1418,1418,1477,2020-01-01 00:23:38,2020-01-01 00:24:37,0.47514215111732483,0.4742532627923147
E-10,1419,1419,1478,2020-01-01 00:23:39,2020-01-01 00:24:38,0.46304524370602196,0.4742532627923147
E-10,1747,1747,1806,2020-01-01 00:29:07,2020-01-01 00:30:06,0.4574540768350874,0.4742532627923147
E-10,1748,1748,1807,2020-01-01 00:29:08,2020-01-01 00:30:07,0.48649876032556805,0.4742532627923147
E-10,1749,1749,1808,2020-01-01 00:29:09,2020-01-01 00:30:08,0.49774065613746643,0.4742532627923147
E-10,1750,1750,1809,2020-01-01 00:29:10,2020-01-01 00:30:09,0.499214700290135,0.4742532627923147
E-10,1751,1751,1810,2020-01-01 00:29:11,2020-01-01 00:30:10,0.49881565145083834,0.4742532627923147
E-10,1752,1752,1811,2020-01-01 00:29:12,2020-01-01 00:30:11,0.49816401941435673,0.4742532627923147
E-10,1753,1753,1812,2020-01-01 00:29:13,2020-01-01 00:30:12,0.49781726513590124,0.4742532627923147
E-10,1754,1754,1813,2020-01-01 00:29:14,2020-01-01 00:30:13,0.4991413482597895,0.4742532627923147
E-10,1755,1755,1814,2020-01-01 00:29:15,2020-01-01 00:30:14,0.5020851365157535,0.4742532627923147
E-10,1756,1756,1815,2020-01-01 00:29:16,2020-01-01 00:30:15,0.5176181239741189,0.4742532627923147
E-10,1757,1757,1816,2020-01-01 00:29:17,2020-01-01 00:30:16,0.5387519129684993,0.4742532627923147
E-10,1758,1758,1817,2020-01-01 00:29:18,2020-01-01 00:30:17,0.5565710238048008,0.4742532627923147
E-10,1759,1759,1818,2020-01-01 00:29:19,2020-01-01 00:30:18,0.5726264033998761,0.4742532627923147
E-10,1760,1760,1819,2020-01-01 00:29:20,2020-01-01 00:30:19,0.5709558725357056,0.4742532627923147
E-10,1761,1761,1820,2020-01-01 00:29:21,2020-01-01 00:30:20,0.5627333436693464,0.4742532627923147
E-10,1762,1762,1821,2020-01-01 00:29:22,2020-01-01 00:30:21,0.5549351700714655,0.4742532627923147
E-10,1763,1763,1822,2020-01-01 00:29:23,2020-01-01 00:30:22,0.5372397899627686,0.4742532627923147
E-10,1764,1764,1823,2020-01-01 00:29:24,2020-01-01 00:30:23,0.5156912888799394,0.4742532627923147
E-10,1765,1765,1824,2020-01-01 00:29:25,2020-01-01 00:30:24,0.49684914946556086,0.4742532627923147
E-10,1766,1766,1825,2020-01-01 00:29:26,2020-01-01 00:30:25,0.4776979855128696,0.4742532627923147
E-10,1767,1767,1826,2020-01-01 00:29:27,2020-01-01 00:30:26,0.4741726177079336,0.4742532627923147
E-10,2674,2674,2733,2020-01-01 00:44:34,2020-01-01 00:45:33,0.42970031925610136,0.4742532627923147
E-10,2675,2675,2734,2020-01-01 00:44:35,2020-01-01 00:45:34,0.47459862061909264,0.4742532627923147
E-10,2676,2676,2735,2020-01-01 00:44:36,2020-01-01 00:45:35,0.5232541050229754,0.4742532627923147
E-10,2677,2677,2736,2020-01-01 00:44:37,2020-01-01 00:45:36,0.557684063911438,0.4742532627923147
E-10,2678,2678,2737,2020-01-01 00:44:38,2020-01-01 00:45:37,0.5831457461629596,0.4742532627923147
E-10,2679,2679,2738,2020-01-01 00:44:39,2020-01-01 00:45:38,0.6037909133093697,0.4742532627923147
E-10,2680,2680,2739,2020-01-01 00:44:40,2020-01-01 00:45:39,0.6178269726889474,0.4742532627923147
E-10,2681,2681,2740,2020-01-01 00:44:41,2020-01-01 00:45:40,0.6253867745399475,0.4742532627923147
E-10,2682,2682,2741,2020-01-01 00:44:42,2020-01-01 00:45:41,0.6272210053035191,0.4742532627923147
E-10,2683,2683,2742,2020-01-01 00:44:43,2020-01-01 00:45:42,0.6424980759620667,0.4742532627923147
E-10,2684,2684,2743,2020-01-01 00:44:44,2020-01-01 00:45:43,0.6652102129799979,0.4742532627923147
E-10,2685,2685,2744,2020-01-01 00:44:45,2020-01-01 00:45:44,0.6908323764801024,0.4742532627923147
E-10,2686,2686,2745,2020-01-01 00:44:46,2020-01-01 00:45:45,0.7187633855002267,0.4742532627923147
E-10,2687,2687,2746,2020-01-01 00:44:47,2020-01-01 00:45:46,0.7476531948362077,0.4742532627923147
E-10,2688,2688,2747,2020-01-01 00:44:48,2020-01-01 00:45:47,0.7763579487800598,0.4742532627923147
E-10,2689,2689,2748,2020-01-01 00:44:49,2020-01-01 00:45:48,0.8041049412318638,0.4742532627923147
E-10,2690,2690,2749,2020-01-01 00:44:50,2020-01-01 00:45:49,0.8128003137452262,0.4742532627923147
E-10,2691,2691,2750,2020-01-01 00:44:51,2020-01-01 00:45:50,0.8097063643591744,0.4742532627923147
E-10,2692,2692,2751,2020-01-01 00:44:52,2020-01-01 00:45:51,0.8011245386941093,0.4742532627923147
E-10,2693,2693,2752,2020-01-01 00:44:53,2020-01-01 00:45:52,0.7890208618981498,0.4742532627923147
E-10,2694,2694,2753,2020-01-01 00:44:54,2020-01-01 00:45:53,0.7744093707629612,0.4742532627923147
E-10,2695,2695,2754,2020-01-01 00:44:55,2020-01-01 00:45:54,0.760568346296038,0.4742532627923147
E-10,2696,2696,2755,2020-01-01 00:44:56,2020-01-01 00:45:55,0.7306224363190785,0.4742532627923147
E-10,2697,2697,2756,2020-01-01 00:44:57,2020-01-01 00:45:56,0.6964807254927499,0.4742532627923147
E-10,2698,2698,2757,2020-01-01 00:44:58,2020-01-01 00:45:57,0.663366939340319,0.4742532627923147
E-10,2699,2699,2758,2020-01-01 00:44:59,2020-01-01 00:45:58,0.6311658535684856,0.4742532627923147
E-10,2700,2700,2759,2020-01-01 00:45:00,2020-01-01 00:45:59,0.5997315900666373,0.4742532627923147
E-10,2701,2701,2760,2020-01-01 00:45:01,2020-01-01 00:46:00,0.5706443446023124,0.4742532627923147
E-10,2702,2702,2761,2020-01-01 00:45:02,2020-01-01 00:46:01,0.5413276212556021,0.4742532627923147
E-10,2703,2703,2762,2020-01-01 00:45:03,2020-01-01 00:46:02,0.5288218855857849,0.4742532627923147
E-10,2704,2704,2763,2020-01-01 00:45:04,2020-01-01 00:46:03,0.5207008378846305,0.4742532627923147
E-10,2705,2705,2764,2020-01-01 00:45:05,2020-01-01 00:46:04,0.5114130462918962,0.4742532627923147
E-10,2706,2706,2765,2020-01-01 00:45:06,2020-01-01 00:46:05,0.5014056350503648,0.4742532627923147
E-10,2707,2707,2766,2020-01-01 00:45:07,2020-01-01 00:46:06,0.49109388675008503,0.4742532627923147
E-10,2708,2708,2767,2020-01-01 00:45:08,2020-01-01 00:46:07,0.4820024371147156,0.4742532627923147
E-10,2709,2709,2768,2020-01-01 00:45:09,2020-01-01 00:46:08,0.47225380369595116,0.4742532627923147
E-10,2771,2771,2830,2020-01-01 00:46:11,2020-01-01 00:47:10,0.4380868715899331,0.4742532627923147
E-10,2772,2772,2831,2020-01-01 00:46:12,2020-01-01 00:47:11,0.47946464163916447,0.4742532627923147
E-10,2773,2773,2832,2020-01-01 00:46:13,2020-01-01 00:47:12,0.5249741418021066,0.4742532627923147
E-10,2774,2774,2833,2020-01-01 00:46:14,2020-01-01 00:47:13,0.5564474804060799,0.4742532627923147
E-10,2775,2775,2834,2020-01-01 00:46:15,2020-01-01 00:47:14,0.5788982084819247,0.4742532627923147
E-10,2776,2776,2835,2020-01-01 00:46:16,2020-01-01 00:47:15,0.5958023411887032,0.4742532627923147
E-10,2777,2777,2836,2020-01-01 00:46:17,2020-01-01 00:47:16,0.6060448118618555,0.4742532627923147
E-10,2778,2778,2837,2020-01-01 00:46:18,2020-01-01 00:47:17,0.610774712903159,0.4742532627923147
E-10,2779,2779,2838,2020-01-01 00:46:19,2020-01-01 00:47:18,0.6105781878743853,0.4742532627923147
E-10,2780,2780,2839,2020-01-01 00:46:20,2020-01-01 00:47:19,0.6076264977455139,0.4742532627923147
E-10,2781,2781,2840,2020-01-01 00:46:21,2020-01-01 00:47:20,0.6204123497009276,0.4742532627923147
E-10,2782,2782,2841,2020-01-01 00:46:22,2020-01-01 00:47:21,0.6421958974429538,0.4742532627923147
E-10,2783,2783,2842,2020-01-01 00:46:23,2020-01-01 00:47:22,0.6657660262925283,0.4742532627923147
E-10,2784,2784,2843,2020-01-01 00:46:24,2020-01-01 00:47:23,0.6905669229371206,0.4742532627923147
E-10,2785,2785,2844,2020-01-01 00:46:25,2020-01-01 00:47:24,0.7157756515911646,0.4742532627923147
E-10,2786,2786,2845,2020-01-01 00:46:26,2020-01-01 00:47:25,0.7405626262937272,0.4742532627923147
E-10,2787,2787,2846,2020-01-01 00:46:27,2020-01-01 00:47:26,0.7633511509214128,0.4742532627923147
E-10,2788,2788,2847,2020-01-01 00:46:28,2020-01-01 00:47:27,0.766616472176143,0.4742532627923147
E-10,2789,2789,2848,2020-01-01 00:46:29,2020-01-01 00:47:28,0.75905613388334,0.4742532627923147
E-10,2790,2790,2849,2020-01-01 00:46:30,2020-01-01 00:47:29,0.7478399702480861,0.4742532627923147
E-10,2791,2791,2850,2020-01-01 00:46:31,2020-01-01 00:47:30,0.7366823468889508,0.4742532627923147
E-10,2792,2792,2851,2020-01-01 00:46:32,2020-01-01 00:47:31,0.7087504778589521,0.4742532627923147
E-10,2793,2793,2852,2020-01-01 00:46:33,2020-01-01 00:47:32,0.676038920879364,0.4742532627923147
E-10,2794,2794,2853,2020-01-01 00:46:34,2020-01-01 00:47:33,0.644426703453064,0.4742532627923147
E-10,2795,2795,2854,2020-01-01 00:46:35,2020-01-01 00:47:34,0.6138103348868233,0.4742532627923147
E-10,2796,2796,2855,2020-01-01 00:46:36,2020-01-01 00:47:35,0.5839791468211581,0.4742532627923147
E-10,2797,2797,2856,2020-01-01 00:46:37,2020-01-01 00:47:36,0.5565037727355957,0.4742532627923147
E-10,2798,2798,2857,2020-01-01 00:46:38,2020-01-01 00:47:37,0.52864157302039,0.4742532627923147
E-10,2799,2799,2858,2020-01-01 00:46:39,2020-01-01 00:47:38,0.5174307312284196,0.4742532627923147
E-10,2800,2800,2859,2020-01-01 00:46:40,2020-01-01 00:47:39,0.5105030834674835,0.4742532627923147
E-10,2801,2801,2860,2020-01-01 00:46:41,2020-01-01 00:47:40,0.5021444175924573,0.4742532627923147
E-10,2802,2802,2861,2020-01-01 00:46:42,2020-01-01 00:47:41,0.49289730616978233,0.4742532627923147
E-10,2803,2803,2862,2020-01-01 00:46:43,2020-01-01 00:47:42,0.4832499623298645,0.4742532627923147
E-10,2804,2804,2863,2020-01-01 00:46:44,2020-01-01 00:47:43,0.47494404656546446,0.4742532627923147
E-10,2805,2805,2864,2020-01-01 00:46:45,2020-01-01 00:47:44,0.46621399266379215,0.4742532627923147
E-10,2977,2977,3036,2020-01-01 00:49:37,2020-01-01 00:50:36,0.4669698647090367,0.4742532627923147
E-10,2978,2978,3037,2020-01-01 00:49:38,2020-01-01 00:50:37,0.47714550580297194,0.4742532627923147
E-10,2979,2979,3038,2020-01-01 00:49:39,2020-01-01 00:50:38,0.48023503593036104,0.4742532627923147
E-10,2980,2980,3039,2020-01-01 00:49:40,2020-01-01 00:50:39,0.4831242561340332,0.4742532627923147
E-10,2981,2981,3040,2020-01-01 00:49:41,2020-01-01 00:50:40,0.4857315037931714,0.4742532627923147
E-10,2982,2982,3041,2020-01-01 00:49:42,2020-01-01 00:50:41,0.48784852027893066,0.4742532627923147
E-10,2983,2983,3042,2020-01-01 00:49:43,2020-01-01 00:50:42,0.48821668539728436,0.4742532627923147
E-10,2984,2984,3043,2020-01-01 00:49:44,2020-01-01 00:50:43,0.4897842960698263,0.4742532627923147
E-10,2985,2985,3044,2020-01-01 00:49:45,2020-01-01 00:50:44,0.4752545016152518,0.4742532627923147
E-10,2986,2986,3045,2020-01-01 00:49:46,2020-01-01 00:50:45,0.4638678516660418,0.4742532627923147
E-10,3077,3077,3136,2020-01-01 00:51:17,2020-01-01 00:52:16,0.47079028402056006,0.4742532627923147
E-10,3078,3078,3137,2020-01-01 00:51:18,2020-01-01 00:52:17,0.47478216460772915,0.4742532627923147
E-10,3079,3079,3138,2020-01-01 00:51:19,2020-01-01 00:52:18,0.4766973342214311,0.4742532627923147
E-10,3080,3080,3139,2020-01-01 00:51:20,2020-01-01 00:52:19,0.4757108092308044,0.4742532627923147
E-10,3081,3081,3140,2020-01-01 00:51:21,2020-01-01 00:52:20,0.47555077075958246,0.4742532627923147
E-10,3082,3082,3141,2020-01-01 00:51:22,2020-01-01 00:52:21,0.4609284358365195,0.4742532627923147
E-10,3573,3573,3632,2020-01-01 00:59:33,2020-01-01 01:00:32,0.4627550840377807,0.4742532627923147
E-10,3574,3574,3633,2020-01-01 00:59:34,2020-01-01 01:00:33,0.4747592295919145,0.4742532627923147
E-10,3575,3575,3634,2020-01-01 00:59:35,2020-01-01 01:00:34,0.47808304429054255,0.4742532627923147
E-10,3576,3576,3635,2020-01-01 00:59:36,2020-01-01 01:00:35,0.47955920015062603,0.4742532627923147
E-10,3577,3577,3636,2020-01-01 00:59:37,2020-01-01 01:00:36,0.47881824203899925,0.4742532627923147
E-10,3578,3578,3637,2020-01-01 00:59:38,2020-01-01 01:00:37,0.47868626884051724,0.4742532627923147
E-10,3579,3579,3638,2020-01-01 00:59:39,2020-01-01 01:00:38,0.4640608813081468,0.4742532627923147
E-10,4151,4151,4210,2020-01-01 01:09:11,2020-01-01 01:10:10,0.4729868939944675,0.4742532627923147
E-10,4152,4152,4211,2020-01-01 01:09:12,2020-01-01 01:10:11,0.5216841910566602,0.4742532627923147
E-10,4153,4153,4212,2020-01-01 01:09:13,2020-01-01 01:10:12,0.5561540297099522,0.4742532627923147
E-10,4154,4154,4213,2020-01-01 01:09:14,2020-01-01 01:10:13,0.5816229837281363,0.4742532627923147
E-10,4155,4155,4214,2020-01-01 01:09:15,2020-01-01 01:10:14,0.6023139527865818,0.4742532627923147
E-10,4156,4156,4215,2020-01-01 01:09:16,2020-01-01 01:10:15,0.6163611326898847,0.4742532627923147
E-10,4157,4157,4216,2020-01-01 01:09:17,2020-01-01 01:10:16,0.6238937207630701,0.4742532627923147
E-10,4158,4158,4217,2020-01-01 01:09:18,2020-01-01 01:10:17,0.625733596937997,0.4742532627923147
E-10,4159,4159,4218,2020-01-01 01:09:19,2020-01-01 01:10:18,0.6237231322697231,0.4742532627923147
E-10,4160,4160,4219,2020-01-01 01:09:20,2020-01-01 01:10:19,0.6370680502482823,0.4742532627923147
E-10,4161,4161,4220,2020-01-01 01:09:21,2020-01-01 01:10:20,0.6598000611577715,0.4742532627923147
E-10,4162,4162,4221,2020-01-01 01:09:22,2020-01-01 01:10:21,0.6848888397216796,0.4742532627923147
E-10,4163,4163,4222,2020-01-01 01:09:23,2020-01-01 01:10:22,0.7112051844596862,0.4742532627923147
E-10,4164,4164,4223,2020-01-01 01:09:24,2020-01-01 01:10:23,0.7376919729369026,0.4742532627923147
E-10,4165,4165,4224,2020-01-01 01:09:25,2020-01-01 01:10:24,0.7638546909604752,0.4742532627923147
E-10,4166,4166,4225,2020-01-01 01:09:26,2020-01-01 01:10:25,0.7887259551456995,0.4742532627923147
E-10,4167,4167,4226,2020-01-01 01:09:27,2020-01-01 01:10:26,0.7940315348761421,0.4742532627923147
E-10,4168,4168,4227,2020-01-01 01:09:28,2020-01-01 01:10:27,0.7874755859375,0.4742532627923147
E-10,4169,4169,4228,2020-01-01 01:09:29,2020-01-01 01:10:28,0.7773544192314148,0.4742532627923147
E-10,4170,4170,4229,2020-01-01 01:09:30,2020-01-01 01:10:29,0.7645051734788076,0.4742532627923147
E-10,4171,4171,4230,2020-01-01 01:09:31,2020-01-01 01:10:30,0.7521498543875557,0.4742532627923147
E-10,4172,4172,4231,2020-01-01 01:09:32,2020-01-01 01:10:31,0.7231436542102267,0.4742532627923147
E-10,4173,4173,4232,2020-01-01 01:09:33,2020-01-01 01:10:32,0.6896775109427314,0.4742532627923147
E-10,4174,4174,4233,2020-01-01 01:09:34,2020-01-01 01:10:33,0.6572091238839286,0.4742532627923147
E-10,4175,4175,4234,2020-01-01 01:09:35,2020-01-01 01:10:34,0.6256715059280396,0.4742532627923147
E-10,4176,4176,4235,2020-01-01 01:09:36,2020-01-01 01:10:35,0.5948937620435443,0.4742532627923147
E-10,4177,4177,4236,2020-01-01 01:09:37,2020-01-01 01:10:36,0.5664886832237244,0.4742532627923147
E-10,4178,4178,4237,2020-01-01 01:09:38,2020-01-01 01:10:37,0.5378344825335911,0.4742532627923147
E-10,4179,4179,4238,2020-01-01 01:09:39,2020-01-01 01:10:38,0.5259353688785008,0.4742532627923147
E-10,4180,4180,4239,2020-01-01 01:09:40,2020-01-01 01:10:39,0.5180882726396834,0.4742532627923147
E-10,4181,4181,4240,2020-01-01 01:09:41,2020-01-01 01:10:40,0.5089125633239746,0.4742532627923147
E-10,4182,4182,4241,2020-01-01 01:09:42,2020-01-01 01:10:41,0.49899884206908085,0.4742532627923147
E-10,4183,4183,4242,2020-01-01 01:09:43,2020-01-01 01:10:42,0.48877993226051325,0.4742532627923147
E-10,4184,4184,4243,2020-01-01 01:09:44,2020-01-01 01:10:43,0.47992068954876493,0.4742532627923147
E-10,4185,4185,4244,2020-01-01 01:09:45,2020-01-01 01:10:44,0.4705758903707776,0.4742532627923147
E-10,4980,4980,5039,2020-01-01 01:23:00,2020-01-01 01:23:59,0.46900035653795513,0.4742532627923147
E-10,4981,4981,5040,2020-01-01 01:23:01,2020-01-01 01:24:00,0.4930168177400316,0.4742532627923147
E-10,4982,4982,5041,2020-01-01 01:23:02,2020-01-01 01:24:01,0.5037382287638528,0.4742532627923147
E-10,4983,4983,5042,2020-01-01 01:23:03,2020-01-01 01:24:02,0.511301108769008,0.4742532627923147
E-10,4984,4984,5043,2020-01-01 01:23:04,2020-01-01 01:24:03,0.519402163369315,0.4742532627923147
E-10,4985,4985,5044,2020-01-01 01:23:05,2020-01-01 01:24:04,0.5279017857142857,0.4742532627923147
E-10,4986,4986,5045,2020-01-01 01:23:06,2020-01-01 01:24:05,0.5366073761667524,0.4742532627923147
E-10,4987,4987,5046,2020-01-01 01:23:07,2020-01-01 01:24:06,0.5452856847218105,0.4742532627923147
E-10,4988,4988,5047,2020-01-01 01:23:08,2020-01-01 01:24:07,0.5538266386304582,0.4742532627923147
E-10,4989,4989,5048,2020-01-01 01:23:09,2020-01-01 01:24:08,0.562213829585484,0.4742532627923147
E-10,4990,4990,5049,2020-01-01 01:23:10,2020-01-01 01:24:09,0.5703648243631635,0.4742532627923147
E-10,4991,4991,5050,2020-01-01 01:23:11,2020-01-01 01:24:10,0.5780347330229623,0.4742532627923147
E-10,4992,4992,5051,2020-01-01 01:23:12,2020-01-01 01:24:11,0.5848736252103532,0.4742532627923147
E-10,4993,4993,5052,2020-01-01 01:23:13,2020-01-01 01:24:12,0.5906817657606941,0.4742532627923147
E-10,4994,4994,5053,2020-01-01 01:23:14,2020-01-01 01:24:13,0.5953058855874197,0.4742532627923147
E-10,4995,4995,5054,2020-01-01 01:23:15,2020-01-01 01:24:14,0.598520849432264,0.4742532627923147
E-10,4996,4996,5055,2020-01-01 01:23:16,2020-01-01 01:24:15,0.599989014012473,0.4742532627923147
E-10,4997,4997,5056,2020-01-01 01:23:17,2020-01-01 01:24:16,0.5994086521012443,0.4742532627923147
E-10,4998,4998,5057,2020-01-01 01:23:18,2020-01-01 01:24:17,0.5967399818556649,0.4742532627923147
E-10,4999,4999,5058,2020-01-01 01:23:19,2020-01-01 01:24:18,0.5923878805977957,0.4742532627923147
E-10,5000,5000,5059,2020-01-01 01:23:20,2020-01-01 01:24:19,0.5871704391070774,0.4742532627923147
E-10,5001,5001,5060,2020-01-01 01:23:21,2020-01-01 01:24:20,0.5825417212077549,0.4742532627923147
E-10,5002,5002,5061,2020-01-01 01:23:22,2020-01-01 01:24:21,0.5804208261626107,0.4742532627923147
E-10,5003,5003,5062,2020-01-01 01:23:23,2020-01-01 01:24:22,0.582098867212023,0.4742532627923147
E-10,5004,5004,5063,2020-01-01 01:23:24,2020-01-01 01:24:23,0.5899123975208828,0.4742532627923147
E-10,5005,5005,5064,2020-01-01 01:23:25,2020-01-01 01:24:24,0.6025263411658152,0.4742532627923147
E-10,5006,5006,5065,2020-01-01 01:23:26,2020-01-01 01:24:25,0.6033973353249686,0.4742532627923147
E-10,5007,5007,5066,2020-01-01 01:23:27,2020-01-01 01:24:26,0.5960421562194823,0.4742532627923147
E-10,5008,5008,5067,2020-01-01 01:23:28,2020-01-01 01:24:27,0.5848961302212307,0.4742532627923147
E-10,5009,5009,5068,2020-01-01 01:23:29,2020-01-01 01:24:28,0.5694712528160639,0.4742532627923147
E-10,5010,5010,5069,2020-01-01 01:23:30,2020-01-01 01:24:29,0.5491240918636322,0.4742532627923147
E-10,5011,5011,5070,2020-01-01 01:23:31,2020-01-01 01:24:30,0.5210847641740526,0.4742532627923147
E-10,5012,5012,5071,2020-01-01 01:23:32,2020-01-01 01:24:31,0.48571586608886713,0.4742532627923147
E-10,5013,5013,5072,2020-01-01 01:23:33,2020-01-01 01:24:32,0.45936545303889675,0.4742532627923147
E-10,5498,5498,5557,2020-01-01 01:31:38,2020-01-01 01:32:37,0.46788233092853004,0.4742532627923147
E-10,5499,5499,5558,2020-01-01 01:31:39,2020-01-01 01:32:38,0.47941602553640095,0.4742532627923147
E-10,5500,5500,5559,2020-01-01 01:31:40,2020-01-01 01:32:39,0.48331849915640696,0.4742532627923147
E-10,5501,5501,5560,2020-01-01 01:31:41,2020-01-01 01:32:40,0.48328608274459833,0.4742532627923147
E-10,5502,5502,5561,2020-01-01 01:31:42,2020-01-01 01:32:41,0.48089309675352915,0.4742532627923147
E-10,5503,5503,5562,2020-01-01 01:31:43,2020-01-01 01:32:42,0.4617630967072078,0.4742532627923147
E-10,5578,5578,5637,2020-01-01 01:32:58,2020-01-01 01:33:57,0.47396281361579895,0.4742532627923147
E-10,5579,5579,5638,2020-01-01 01:32:59,2020-01-01 01:33:58,0.501247457095555,0.4742532627923147
E-10,5580,5580,5639,2020-01-01 01:33:00,2020-01-01 01:33:59,0.5265565344265529,0.4742532627923147
E-10,5581,5581,5640,2020-01-01 01:33:01,2020-01-01 01:34:00,0.5488702143941606,0.4742532627923147
E-10,5582,5582,5641,2020-01-01 01:33:02,2020-01-01 01:34:01,0.5675665821347917,0.4742532627923147
E-10,5583,5583,5642,2020-01-01 01:33:03,2020-01-01 01:34:02,0.5822003313473292,0.4742532627923147
E-10,5584,5584,5643,2020-01-01 01:33:04,2020-01-01 01:34:03,0.5911746110234942,0.4742532627923147
E-10,5585,5585,5644,2020-01-01 01:33:05,2020-01-01 01:34:04,0.5908318502562386,0.4742532627923147
E-10,5586,5586,5645,2020-01-01 01:33:06,2020-01-01 01:34:05,0.5814613955361503,0.4742532627923147
E-10,5587,5587,5646,2020-01-01 01:33:07,2020-01-01 01:34:06,0.563298625605447,0.4742532627923147
E-10,5588,5588,5647,2020-01-01 01:33:08,2020-01-01 01:34:07,0.5378472294126239,0.4742532627923147
E-10,5589,5589,5648,2020-01-01 01:33:09,2020-01-01 01:34:08,0.5072449701172965,0.4742532627923147
E-10,5590,5590,5649,2020-01-01 01:33:10,2020-01-01 01:34:09,0.47342191849436077,0.4742532627923147
E-10,5784,5784,5843,2020-01-01 01:36:24,2020-01-01 01:37:23,0.46147846324103214,0.4742532627923147
E-10,5785,5785,5844,2020-01-01 01:36:25,2020-01-01 01:37:24,0.4931994676589965,0.4742532627923147
E-10,5786,5786,5845,2020-01-01 01:36:26,2020-01-01 01:37:25,0.5080121074404035,0.4742532627923147
E-10,5787,5787,5846,2020-01-01 01:36:27,2020-01-01 01:37:26,0.5157280990055628,0.4742532627923147
E-10,5788,5788,5847,2020-01-01 01:36:28,2020-01-01 01:37:27,0.5207786049161638,0.4742532627923147
E-10,5789,5789,5848,2020-01-01 01:36:29,2020-01-01 01:37:28,0.5230518664632524,0.4742532627923147
E-10,5790,5790,5849,2020-01-01 01:36:30,2020-01-01 01:37:29,0.521988570690155,0.4742532627923147
E-10,5791,5791,5850,2020-01-01 01:36:31,2020-01-01 01:37:30,0.5176272860595158,0.4742532627923147
E-10,5792,5792,5851,2020-01-01 01:36:32,2020-01-01 01:37:31,0.5102933389799935,0.4742532627923147
E-10,5793,5793,5852,2020-01-01 01:36:33,2020-01-01 01:37:32,0.5172188196863446,0.4742532627923147
E-10,5794,5794,5853,2020-01-01 01:36:34,2020-01-01 01:37:33,0.5293132492474147,0.4742532627923147
E-10,5795,5795,5854,2020-01-01 01:36:35,2020-01-01 01:37:34,0.5415739417076111,0.4742532627923147
E-10,5796,5796,5855,2020-01-01 01:36:36,2020-01-01 01:37:35,0.5544121180261884,0.4742532627923147
E-10,5797,5797,5856,2020-01-01 01:36:37,2020-01-01 01:37:36,0.5685363752501351,0.4742532627923147
E-10,5798,5798,5857,2020-01-01 01:36:38,2020-01-01 01:37:37,0.5844161553042275,0.4742532627923147
E-10,5799,5799,5858,2020-01-01 01:36:39,2020-01-01 01:37:38,0.602061186517988,0.4742532627923147
E-10,5800,5800,5859,2020-01-01 01:36:40,2020-01-01 01:37:39,0.6061695984431675,0.4742532627923147
E-10,5801,5801,5860,2020-01-01 01:36:41,2020-01-01 01:37:40,0.6060167295592171,0.4742532627923147
E-10,5802,5802,5861,2020-01-01 01:36:42,2020-01-01 01:37:41,0.6068605865750993,0.4742532627923147
E-10,5803,5803,5862,2020-01-01 01:36:43,2020-01-01 01:37:42,0.6083381261144365,0.4742532627923147
E-10,5804,5804,5863,2020-01-01 01:36:44,2020-01-01 01:37:43,0.6099160483905247,0.4742532627923147
E-10,5805,5805,5864,2020-01-01 01:36:45,2020-01-01 01:37:44,0.6110364539282662,0.4742532627923147
E-10,5806,5806,5865,2020-01-01 01:36:46,2020-01-01 01:37:45,0.6116813591548373,0.4742532627923147
E-10,5807,5807,5866,2020-01-01 01:36:47,2020-01-01 01:37:46,0.6118128640311105,0.4742532627923147
E-10,5808,5808,5867,2020-01-01 01:36:48,2020-01-01 01:37:47,0.6118705868721008,0.4742532627923147
E-10,5809,5809,5868,2020-01-01 01:36:49,2020-01-01 01:37:48,0.6121812207358225,0.4742532627923147
E-10,5810,5810,5869,2020-01-01 01:36:50,2020-01-01 01:37:49,0.6132433840206691,0.4742532627923147
E-10,5811,5811,5870,2020-01-01 01:36:51,2020-01-01 01:37:50,0.6155900614602225,0.4742532627923147
E-10,5812,5812,5871,2020-01-01 01:36:52,2020-01-01 01:37:51,0.6199310336794172,0.4742532627923147
E-10,5813,5813,5872,2020-01-01 01:36:53,2020-01-01 01:37:52,0.62679865530559,0.4742532627923147
E-10,5814,5814,5873,2020-01-01 01:36:54,2020-01-01 01:37:53,0.6368004509380885,0.4742532627923147
E-10,5815,5815,5874,2020-01-01 01:36:55,2020-01-01 01:37:54,0.6504722918782915,0.4742532627923147
E-10,5816,5816,5875,2020-01-01 01:36:56,2020-01-01 01:37:55,0.6680955716541834,0.4742532627923147
E-10,5817,5817,5876,2020-01-01 01:36:57,2020-01-01 01:37:56,0.6894617250987461,0.4742532627923147
E-10,5818,5818,5877,2020-01-01 01:36:58,2020-01-01 01:37:57,0.7131693618638174,0.4742532627923147
E-10,5819,5819,5878,2020-01-01 01:36:59,2020-01-01 01:37:58,0.7371150425502231,0.4742532627923147
E-10,5820,5820,5879,2020-01-01 01:37:00,2020-01-01 01:37:59,0.7593196119580949,0.4742532627923147
E-10,5821,5821,5880,2020-01-01 01:37:01,2020-01-01 01:38:00,0.7776701109749931,0.4742532627923147
E-10,5822,5822,5881,2020-01-01 01:37:02,2020-01-01 01:38:01,0.7918820125716072,0.4742532627923147
E-10,5823,5823,5882,2020-01-01 01:37:03,2020-01-01 01:38:02,0.7969635469572883,0.4742532627923147
E-10,5824,5824,5883,2020-01-01 01:37:04,2020-01-01 01:38:03,0.7922845738274711,0.4742532627923147
E-10,5825,5825,5884,2020-01-01 01:37:05,2020-01-01 01:38:04,0.7790759631565638,0.4742532627923147
E-10,5826,5826,5885,2020-01-01 01:37:06,2020-01-01 01:38:05,0.7581921560423714,0.4742532627923147
E-10,5827,5827,5886,2020-01-01 01:37:07,2020-01-01 01:38:06,0.7317790559359959,0.4742532627923147
E-10,5828,5828,5887,2020-01-01 01:37:08,2020-01-01 01:38:07,0.7016541021210806,0.4742532627923147
E-10,5829,5829,5888,2020-01-01 01:37:09,2020-01-01 01:38:08,0.6673009651047842,0.4742532627923147
E-10,5830,5830,5889,2020-01-01 01:37:10,2020-01-01 01:38:09,0.6327773673193795,0.4742532627923147
E-10,5831,5831,5890,2020-01-01 01:37:11,2020-01-01 01:38:10,0.5992630038942608,0.4742532627923147
E-10,5832,5832,5891,2020-01-01 01:37:12,2020-01-01 01:38:11,0.5659042426518031,0.4742532627923147
E-10,5833,5833,5892,2020-01-01 01:37:13,2020-01-01 01:38:12,0.5227116431508745,0.4742532627923147
E-10,5834,5834,5893,2020-01-01 01:37:14,2020-01-01 01:38:13,0.4772772576127733,0.4742532627923147
E-10,5835,5835,5894,2020-01-01 01:37:15,2020-01-01 01:38:14,0.43669925842966345,0.4742532627923147
E-10,6108,6108,6167,2020-01-01 01:41:48,2020-01-01 01:42:47,0.46870353392192293,0.4742532627923147
E-10,6109,6109,6168,2020-01-01 01:41:49,2020-01-01 01:42:48,0.4770957486970084,0.4742532627923147
E-10,6110,6110,6169,2020-01-01 01:41:50,2020-01-01 01:42:49,0.47863540479115074,0.4742532627923147
E-10,6111,6111,6170,2020-01-01 01:41:51,2020-01-01 01:42:50,0.4805390366486141,0.4742532627923147
E-10,6112,6112,6171,2020-01-01 01:41:52,2020-01-01 01:42:51,0.4824486204556056,0.4742532627923147
E-10,6113,6113,6172,2020-01-01 01:41:53,2020-01-01 01:42:52,0.48573908635548185,0.4742532627923147
E-10,6114,6114,6173,2020-01-01 01:41:54,2020-01-01 01:42:53,0.4900502307074411,0.4742532627923147
E-10,6115,6115,6174,2020-01-01 01:41:55,2020-01-01 01:42:54,0.4942350302423749,0.4742532627923147
E-10,6116,6116,6175,2020-01-01 01:41:56,2020-01-01 01:42:55,0.4955839514732361,0.4742532627923147
E-10,6117,6117,6176,2020-01-01 01:41:57,2020-01-01 01:42:56,0.505917740719659,0.4742532627923147
E-10,6118,6118,6177,2020-01-01 01:41:58,2020-01-01 01:42:57,0.5032456474644798,0.4742532627923147
E-10,6119,6119,6178,2020-01-01 01:41:59,2020-01-01 01:42:58,0.49418300390243525,0.4742532627923147
E-10,6120,6120,6179,2020-01-01 01:42:00,2020-01-01 01:42:59,0.4850017513547625,0.4742532627923147
E-10,6121,6121,6180,2020-01-01 01:42:01,2020-01-01 01:43:00,0.47664874792099,0.4742532627923147
E-10,6122,6122,6181,2020-01-01 01:42:02,2020-01-01 01:43:01,0.46986720817429684,0.4742532627923147
E-10,6282,6282,6341,2020-01-01 01:44:42,2020-01-01 01:45:41,0.44974842241832186,0.4742532627923147
E-10,6283,6283,6342,2020-01-01 01:44:43,2020-01-01 01:45:42,0.4890831708908081,0.4742532627923147
E-10,6284,6284,6343,2020-01-01 01:44:44,2020-01-01 01:45:43,0.5322928428649902,0.4742532627923147
E-10,6285,6285,6344,2020-01-01 01:44:45,2020-01-01 01:45:44,0.5617997816630772,0.4742532627923147
E-10,6286,6286,6345,2020-01-01 01:44:46,2020-01-01 01:45:45,0.5838351334844316,0.4742532627923147
E-10,6287,6287,6346,2020-01-01 01:44:47,2020-01-01 01:45:46,0.6016904711723328,0.4742532627923147
E-10,6288,6288,6347,2020-01-01 01:44:48,2020-01-01 01:45:47,0.6146541833877563,0.4742532627923147
E-10,6289,6289,6348,2020-01-01 01:44:49,2020-01-01 01:45:48,0.6231069479669843,0.4742532627923147
E-10,6290,6290,6349,2020-01-01 01:44:50,2020-01-01 01:45:49,0.6273929732186453,0.4742532627923147
E-10,6291,6291,6350,2020-01-01 01:44:51,2020-01-01 01:45:50,0.6275655116353716,0.4742532627923147
E-10,6292,6292,6351,2020-01-01 01:44:52,2020-01-01 01:45:51,0.6246489967618669,0.4742532627923147
E-10,6293,6293,6352,2020-01-01 01:44:53,2020-01-01 01:45:52,0.6359725509371076,0.4742532627923147
E-10,6294,6294,6353,2020-01-01 01:44:54,2020-01-01 01:45:53,0.6576262371880668,0.4742532627923147
E-10,6295,6295,6354,2020-01-01 01:44:55,2020-01-01 01:45:54,0.6818935360227313,0.4742532627923147
E-10,6296,6296,6355,2020-01-01 01:44:56,2020-01-01 01:45:55,0.706980892590114,0.4742532627923147
E-10,6297,6297,6356,2020-01-01 01:44:57,2020-01-01 01:45:56,0.7317232745034352,0.4742532627923147
E-10,6298,6298,6357,2020-01-01 01:44:58,2020-01-01 01:45:57,0.7555063707487923,0.4742532627923147
E-10,6299,6299,6358,2020-01-01 01:44:59,2020-01-01 01:45:58,0.7774021540369307,0.4742532627923147
E-10,6300,6300,6359,2020-01-01 01:45:00,2020-01-01 01:45:59,0.7814581990242004,0.4742532627923147
E-10,6301,6301,6360,2020-01-01 01:45:01,2020-01-01 01:46:00,0.7744115676198686,0.4742532627923147
E-10,6302,6302,6361,2020-01-01 01:45:02,2020-01-01 01:46:01,0.7633710759026663,0.4742532627923147
E-10,6303,6303,6362,2020-01-01 01:45:03,2020-01-01 01:46:02,0.7524750317846025,0.4742532627923147
E-10,6304,6304,6363,2020-01-01 01:45:04,2020-01-01 01:46:03,0.7245951550347465,0.4742532627923147
E-10,6305,6305,6364,2020-01-01 01:45:05,2020-01-01 01:46:04,0.6918195400919234,0.4742532627923147
E-10,6306,6306,6365,2020-01-01 01:45:06,2020-01-01 01:46:05,0.6599463394709996,0.4742532627923147
E-10,6307,6307,6366,2020-01-01 01:45:07,2020-01-01 01:46:06,0.6291452901703969,0.4742532627923147
E-10,6308,6308,6367,2020-01-01 01:45:08,2020-01-01 01:46:07,0.5992877738816397,0.4742532627923147
E-10,6309,6309,6368,2020-01-01 01:45:09,2020-01-01 01:46:08,0.5719167419842311,0.4742532627923147
E-10,6310,6310,6369,2020-01-01 01:45:10,2020-01-01 01:46:09,0.5441540905407496,0.4742532627923147
E-10,6311,6311,6370,2020-01-01 01:45:11,2020-01-01 01:46:10,0.5331364103725978,0.4742532627923147
E-10,6312,6312,6371,2020-01-01 01:45:12,2020-01-01 01:46:11,0.5264843446867806,0.4742532627923147
E-10,6313,6313,6372,2020-01-01 01:45:13,2020-01-01 01:46:12,0.5184847457068307,0.4742532627923147
E-10,6314,6314,6373,2020-01-01 01:45:14,2020-01-01 01:46:13,0.5092205703258513,0.4742532627923147
E-10,6315,6315,6374,2020-01-01 01:45:15,2020-01-01 01:46:14,0.499203826699938,0.4742532627923147
E-10,6316,6316,6375,2020-01-01 01:45:16,2020-01-01 01:46:15,0.4888224899768829,0.4742532627923147
E-10,6317,6317,6376,2020-01-01 01:45:17,2020-01-01 01:46:16,0.479737286056791,0.4742532627923147
E-10,6318,6318,6377,2020-01-01 01:45:18,2020-01-01 01:46:17,0.4701906996113913,0.4742532627923147
E-10,6374,6374,6433,2020-01-01 01:46:14,2020-01-01 01:47:13,0.4554007606846946,0.4742532627923147
E-10,6375,6375,6434,2020-01-01 01:46:15,2020-01-01 01:47:14,0.49879671420369825,0.4742532627923147
E-10,6376,6376,6435,2020-01-01 01:46:16,2020-01-01 01:47:15,0.54632802094732,0.4742532627923147
E-10,6377,6377,6436,2020-01-01 01:46:17,2020-01-01 01:47:16,0.580164006778172,0.4742532627923147
E-10,6378,6378,6437,2020-01-01 01:46:18,2020-01-01 01:47:17,0.6046339188303266,0.4742532627923147
E-10,6379,6379,6438,2020-01-01 01:46:19,2020-01-01 01:47:18,0.6241081953048706,0.4742532627923147
E-10,6380,6380,6439,2020-01-01 01:46:20,2020-01-01 01:47:19,0.6380399976457868,0.4742532627923147
E-10,6381,6381,6440,2020-01-01 01:46:21,2020-01-01 01:47:20,0.6446883933884756,0.4742532627923147
E-10,6382,6382,6441,2020-01-01 01:46:22,2020-01-01 01:47:21,0.6452261294637407,0.4742532627923147
E-10,6383,6383,6442,2020-01-01 01:46:23,2020-01-01 01:47:22,0.6413467441286359,0.4742532627923147
E-10,6384,6384,6443,2020-01-01 01:46:24,2020-01-01 01:47:23,0.6521720460483006,0.4742532627923147
E-10,6385,6385,6444,2020-01-01 01:46:25,2020-01-01 01:47:24,0.6718255366597856,0.4742532627923147
E-10,6386,6386,6445,2020-01-01 01:46:26,2020-01-01 01:47:25,0.6935261658259799,0.4742532627923147
E-10,6387,6387,6446,2020-01-01 01:46:27,2020-01-01 01:47:26,0.7159188730376107,0.4742532627923147
E-10,6388,6388,6447,2020-01-01 01:46:28,2020-01-01 01:47:27,0.7392722112791879,0.4742532627923147
E-10,6389,6389,6448,2020-01-01 01:46:29,2020-01-01 01:47:28,0.7623279435294015,0.4742532627923147
E-10,6390,6390,6449,2020-01-01 01:46:30,2020-01-01 01:47:29,0.7841077106339591,0.4742532627923147
E-10,6391,6391,6450,2020-01-01 01:46:31,2020-01-01 01:47:30,0.7868906259536742,0.4742532627923147
E-10,6392,6392,6451,2020-01-01 01:46:32,2020-01-01 01:47:31,0.7787660104887826,0.4742532627923147
E-10,6393,6393,6452,2020-01-01 01:46:33,2020-01-01 01:47:32,0.7683167116982597,0.4742532627923147
E-10,6394,6394,6453,2020-01-01 01:46:34,2020-01-01 01:47:33,0.7553720899990626,0.4742532627923147
E-10,6395,6395,6454,2020-01-01 01:46:35,2020-01-01 01:47:34,0.7431092517716544,0.4742532627923147
E-10,6396,6396,6455,2020-01-01 01:46:36,2020-01-01 01:47:35,0.7138776353427343,0.4742532627923147
E-10,6397,6397,6456,2020-01-01 01:46:37,2020-01-01 01:47:36,0.6799989172390528,0.4742532627923147
E-10,6398,6398,6457,2020-01-01 01:46:38,2020-01-01 01:47:37,0.646887251308986,0.4742532627923147
E-10,6399,6399,6458,2020-01-01 01:46:39,2020-01-01 01:47:38,0.6144575561795915,0.4742532627923147
E-10,6400,6400,6459,2020-01-01 01:46:40,2020-01-01 01:47:39,0.5827273045267377,0.4742532627923147
E-10,6401,6401,6460,2020-01-01 01:46:41,2020-01-01 01:47:40,0.5533930318696159,0.4742532627923147
E-10,6402,6402,6461,2020-01-01 01:46:42,2020-01-01 01:47:41,0.5238176456519535,0.4742532627923147
E-10,6403,6403,6462,2020-01-01 01:46:43,2020-01-01 01:47:42,0.5109425953456334,0.4742532627923147
E-10,6404,6404,6463,2020-01-01 01:46:44,2020-01-01 01:47:43,0.5023269184998104,0.4742532627923147
E-10,6405,6405,6464,2020-01-01 01:46:45,2020-01-01 01:47:44,0.5075238304478782,0.4742532627923147
E-10,6406,6406,6465,2020-01-01 01:46:46,2020-01-01 01:47:45,0.5202016106673649,0.4742532627923147
E-10,6407,6407,6466,2020-01-01 01:46:47,2020-01-01 01:47:46,0.5380283210958753,0.4742532627923147
E-10,6408,6408,6467,2020-01-01 01:46:48,2020-01-01 01:47:47,0.5583877010004861,0.4742532627923147
E-10,6409,6409,6468,2020-01-01 01:46:49,2020-01-01 01:47:48,0.5737399884632655,0.4742532627923147
E-10,6410,6410,6469,2020-01-01 01:46:50,2020-01-01 01:47:49,0.5829596391745975,0.4742532627923147
E-10,6411,6411,6470,2020-01-01 01:46:51,2020-01-01 01:47:50,0.5939614772796631,0.4742532627923147
E-10,6412,6412,6471,2020-01-01 01:46:52,2020-01-01 01:47:51,0.59087530204228,0.4742532627923147
E-10,6413,6413,6472,2020-01-01 01:46:53,2020-01-01 01:47:52,0.5803532770701817,0.4742532627923147
E-10,6414,6414,6473,2020-01-01 01:46:54,2020-01-01 01:47:53,0.5650354027748108,0.4742532627923147
E-10,6415,6415,6474,2020-01-01 01:46:55,2020-01-01 01:47:54,0.5479204910142081,0.4742532627923147
E-10,6416,6416,6475,2020-01-01 01:46:56,2020-01-01 01:47:55,0.5370621596063886,0.4742532627923147
E-10,6417,6417,6476,2020-01-01 01:46:57,2020-01-01 01:47:56,0.5356294342449733,0.4742532627923147
E-10,6418,6418,6477,2020-01-01 01:46:58,2020-01-01 01:47:57,0.5379711048943655,0.4742532627923147
E-10,6419,6419,6478,2020-01-01 01:46:59,2020-01-01 01:47:58,0.5447366918836322,0.4742532627923147
E-10,6420,6420,6479,2020-01-01 01:47:00,2020-01-01 01:47:59,0.5633804883275713,0.4742532627923147
E-10,6421,6421,6480,2020-01-01 01:47:01,2020-01-01 01:48:00,0.585944184235164,0.4742532627923147
E-10,6422,6422,6481,2020-01-01 01:47:02,2020-01-01 01:48:01,0.6052942190851484,0.4742532627923147
E-10,6423,6423,6482,2020-01-01 01:47:03,2020-01-01 01:48:02,0.6217202629361832,0.4742532627923147
E-10,6424,6424,6483,2020-01-01 01:47:04,2020-01-01 01:48:03,0.6351014375686646,0.4742532627923147
E-10,6425,6425,6484,2020-01-01 01:47:05,2020-01-01 01:48:04,0.6440620592662267,0.4742532627923147
E-10,6426,6426,6485,2020-01-01 01:47:06,2020-01-01 01:48:05,0.6491883993148804,0.4742532627923147
E-10,6427,6427,6486,2020-01-01 01:47:07,2020-01-01 01:48:06,0.6422442623547145,0.4742532627923147
E-10,6428,6428,6487,2020-01-01 01:47:08,2020-01-01 01:48:07,0.634190925530025,0.4742532627923147
E-10,6429,6429,6488,2020-01-01 01:47:09,2020-01-01 01:48:08,0.6142083576747349,0.4742532627923147
E-10,6430,6430,6489,2020-01-01 01:47:10,2020-01-01 01:48:09,0.5914363350187029,0.4742532627923147
E-10,6431,6431,6490,2020-01-01 01:47:11,2020-01-01 01:48:10,0.5700447133609227,0.4742532627923147
E-10,6432,6432,6491,2020-01-01 01:47:12,2020-01-01 01:48:11,0.5489727514130728,0.4742532627923147
E-10,6433,6433,6492,2020-01-01 01:47:13,2020-01-01 01:48:12,0.5276464309011186,0.4742532627923147
E-10,6434,6434,6493,2020-01-01 01:47:14,2020-01-01 01:48:13,0.5065382889338902,0.4742532627923147
E-10,6435,6435,6494,2020-01-01 01:47:15,2020-01-01 01:48:14,0.48249213610376623,0.4742532627923147
E-10,6436,6436,6495,2020-01-01 01:47:16,2020-01-01 01:48:15,0.47282588056155606,0.4742532627923147
E-10,6871,6871,6930,2020-01-01 01:54:31,2020-01-01 01:55:30,0.42974308558872765,0.4742532627923147
E-10,6872,6872,6931,2020-01-01 01:54:32,2020-01-01 01:55:31,0.474647798708507,0.4742532627923147
E-10,6873,6873,6932,2020-01-01 01:54:33,2020-01-01 01:55:32,0.5233473309448786,0.4742532627923147
E-10,6874,6874,6933,2020-01-01 01:54:34,2020-01-01 01:55:33,0.5578074881008693,0.4742532627923147
E-10,6875,6875,6934,2020-01-01 01:54:35,2020-01-01 01:55:34,0.5832840289388384,0.4742532627923147
E-10,6876,6876,6935,2020-01-01 01:54:36,2020-01-01 01:55:35,0.6039221116474697,0.4742532627923147
E-10,6877,6877,6936,2020-01-01 01:54:37,2020-01-01 01:55:36,0.6179307443755013,0.4742532627923147
E-10,6878,6878,6937,2020-01-01 01:54:38,2020-01-01 01:55:37,0.6254468134471348,0.4742532627923147
E-10,6879,6879,6938,2020-01-01 01:54:39,2020-01-01 01:55:38,0.627302416733333,0.4742532627923147
E-10,6880,6880,6939,2020-01-01 01:54:40,2020-01-01 01:55:39,0.6252585649490355,0.4742532627923147
E-10,6881,6881,6940,2020-01-01 01:54:41,2020-01-01 01:55:40,0.6385154894420079,0.4742532627923147
E-10,6882,6882,6941,2020-01-01 01:54:42,2020-01-01 01:55:41,0.6610396845000132,0.4742532627923147
E-10,6883,6883,6942,2020-01-01 01:54:43,2020-01-01 01:55:42,0.6859698636191233,0.4742532627923147
E-10,6884,6884,6943,2020-01-01 01:54:44,2020-01-01 01:55:43,0.7121196133749824,0.4742532627923147
E-10,6885,6885,6944,2020-01-01 01:54:45,2020-01-01 01:55:44,0.7384485091481889,0.4742532627923147
E-10,6886,6886,6945,2020-01-01 01:54:46,2020-01-01 01:55:45,0.7644563572747365,0.4742532627923147
E-10,6887,6887,6946,2020-01-01 01:54:47,2020-01-01 01:55:46,0.7892066070011683,0.4742532627923147
E-10,6888,6888,6947,2020-01-01 01:54:48,2020-01-01 01:55:47,0.7944506406784058,0.4742532627923147
E-10,6889,6889,6948,2020-01-01 01:54:49,2020-01-01 01:55:48,0.787974144731249,0.4742532627923147
E-10,6890,6890,6949,2020-01-01 01:54:50,2020-01-01 01:55:49,0.7778591769082206,0.4742532627923147
E-10,6891,6891,6950,2020-01-01 01:54:51,2020-01-01 01:55:50,0.7650197403771536,0.4742532627923147
E-10,6892,6892,6951,2020-01-01 01:54:52,2020-01-01 01:55:51,0.7526942150933401,0.4742532627923147
E-10,6893,6893,6952,2020-01-01 01:54:53,2020-01-01 01:55:52,0.7235627940722874,0.4742532627923147
E-10,6894,6894,6953,2020-01-01 01:54:54,2020-01-01 01:55:53,0.6898296219961983,0.4742532627923147
E-10,6895,6895,6954,2020-01-01 01:54:55,2020-01-01 01:55:54,0.6570691806929452,0.4742532627923147
E-10,6896,6896,6955,2020-01-01 01:54:56,2020-01-01 01:55:55,0.6252293501581463,0.4742532627923147
E-10,6897,6897,6956,2020-01-01 01:54:57,2020-01-01 01:55:56,0.5942102926118032,0.4742532627923147
E-10,6898,6898,6957,2020-01-01 01:54:58,2020-01-01 01:55:57,0.5655440688133239,0.4742532627923147
E-10,6899,6899,6958,2020-01-01 01:54:59,2020-01-01 01:55:58,0.5365805540766034,0.4742532627923147
E-10,6900,6900,6959,2020-01-01 01:55:00,2020-01-01 01:55:59,0.5245295252118791,0.4742532627923147
E-10,6901,6901,6960,2020-01-01 01:55:01,2020-01-01 01:56:00,0.5166505106857844,0.4742532627923147
E-10,6902,6902,6961,2020-01-01 01:55:02,2020-01-01 01:56:01,0.50746864931924,0.4742532627923147
E-10,6903,6903,6962,2020-01-01 01:55:03,2020-01-01 01:56:02,0.49755048326083584,0.4742532627923147
E-10,6904,6904,6963,2020-01-01 01:55:04,2020-01-01 01:56:03,0.4873161315917968,0.4742532627923147
E-10,6905,6905,6964,2020-01-01 01:55:05,2020-01-01 01:56:04,0.47841688564845486,0.4742532627923147
E-10,6906,6906,6965,2020-01-01 01:55:06,2020-01-01 01:56:05,0.4690596887043543,0.4742532627923147
E-10,7175,7175,7234,2020-01-01 01:59:35,2020-01-01 02:00:34,0.47413017068590435,0.4742532627923147
E-10,7176,7176,7235,2020-01-01 01:59:36,2020-01-01 02:00:35,0.47721285479409353,0.4742532627923147
E-10,7177,7177,7236,2020-01-01 01:59:37,2020-01-01 02:00:36,0.4800525903701782,0.4742532627923147
E-10,7178,7178,7237,2020-01-01 01:59:38,2020-01-01 02:00:37,0.48260326044900076,0.4742532627923147
E-10,7179,7179,7238,2020-01-01 01:59:39,2020-01-01 02:00:38,0.4846074325697763,0.4742532627923147
E-10,7180,7180,7239,2020-01-01 01:59:40,2020-01-01 02:00:39,0.4849378168582916,0.4742532627923147
E-10,7181,7181,7240,2020-01-01 01:59:41,2020-01-01 02:00:40,0.48644935233252384,0.4742532627923147
E-10,7182,7182,7241,2020-01-01 01:59:42,2020-01-01 02:00:41,0.4721771734101431,0.4742532627923147
E-10,7382,7382,7441,2020-01-01 02:03:02,2020-01-01 02:04:01,0.47004683954375126,0.4742532627923147
E-10,7383,7383,7442,2020-01-01 02:03:03,2020-01-01 02:04:02,0.47497691852705815,0.4742532627923147
E-10,7384,7384,7443,2020-01-01 02:03:04,2020-01-01 02:04:03,0.47588267922401417,0.4742532627923147
E-10,7385,7385,7444,2020-01-01 02:03:05,2020-01-01 02:04:04,0.4751052899020058,0.4742532627923147
E-10,7386,7386,7445,2020-01-01 02:03:06,2020-01-01 02:04:05,0.45834495765822275,0.4742532627923147
E-10,7721,7721,7780,2020-01-01 02:08:41,2020-01-01 02:09:40,0.44270720226424076,0.4742532627923147
E-10,7722,7722,7781,2020-01-01 02:08:42,2020-01-01 02:09:41,0.48349423493657784,0.4742532627923147
E-10,7723,7723,7782,2020-01-01 02:08:43,2020-01-01 02:09:42,0.526715555361339,0.4742532627923147
E-10,7724,7724,7783,2020-01-01 02:08:44,2020-01-01 02:09:43,0.555672824382782,0.4742532627923147
E-10,7725,7725,7784,2020-01-01 02:08:45,2020-01-01 02:09:44,0.5747721876416887,0.4742532627923147
E-10,7726,7726,7785,2020-01-01 02:08:46,2020-01-01 02:09:45,0.5879431877817426,0.4742532627923147
E-10,7727,7727,7786,2020-01-01 02:08:47,2020-01-01 02:09:46,0.5950012547629219,0.4742532627923147
E-10,7728,7728,7787,2020-01-01 02:08:48,2020-01-01 02:09:47,0.5962460041046141,0.4742532627923147
E-10,7729,7729,7788,2020-01-01 02:08:49,2020-01-01 02:09:48,0.5935126372746058,0.4742532627923147
E-10,7730,7730,7789,2020-01-01 02:08:50,2020-01-01 02:09:49,0.5904172573770796,0.4742532627923147
E-10,7731,7731,7790,2020-01-01 02:08:51,2020-01-01 02:09:50,0.5882072704178947,0.4742532627923147
E-10,7732,7732,7791,2020-01-01 02:08:52,2020-01-01 02:09:51,0.6015273247446332,0.4742532627923147
E-10,7733,7733,7792,2020-01-01 02:08:53,2020-01-01 02:09:52,0.6233151810509817,0.4742532627923147
E-10,7734,7734,7793,2020-01-01 02:08:54,2020-01-01 02:09:53,0.6463216798646109,0.4742532627923147
E-10,7735,7735,7794,2020-01-01 02:08:55,2020-01-01 02:09:54,0.6696542160851613,0.4742532627923147
E-10,7736,7736,7795,2020-01-01 02:08:56,2020-01-01 02:09:55,0.6917567934308733,0.4742532627923147
E-10,7737,7737,7796,2020-01-01 02:08:57,2020-01-01 02:09:56,0.710704871586391,0.4742532627923147
E-10,7738,7738,7797,2020-01-01 02:08:58,2020-01-01 02:09:57,0.7256894877978733,0.4742532627923147
E-10,7739,7739,7798,2020-01-01 02:08:59,2020-01-01 02:09:58,0.7228348680904932,0.4742532627923147
E-10,7740,7740,7799,2020-01-01 02:09:00,2020-01-01 02:09:59,0.7133307542119707,0.4742532627923147
E-10,7741,7741,7800,2020-01-01 02:09:01,2020-01-01 02:10:00,0.6867032391684396,0.4742532627923147
E-10,7742,7742,7801,2020-01-01 02:09:02,2020-01-01 02:10:01,0.6551844733101981,0.4742532627923147
E-10,7743,7743,7802,2020-01-01 02:09:03,2020-01-01 02:10:02,0.6249878576823642,0.4742532627923147
E-10,7744,7744,7803,2020-01-01 02:09:04,2020-01-01 02:10:03,0.5960558908326284,0.4742532627923147
E-10,7745,7745,7804,2020-01-01 02:09:05,2020-01-01 02:10:04,0.5681156941822596,0.4742532627923147
E-10,7746,7746,7805,2020-01-01 02:09:06,2020-01-01 02:10:05,0.5424079043524606,0.4742532627923147
E-10,7747,7747,7806,2020-01-01 02:09:07,2020-01-01 02:10:06,0.5162629229681832,0.4742532627923147
E-10,7748,7748,7807,2020-01-01 02:09:08,2020-01-01 02:10:07,0.5066085074629102,0.4742532627923147
E-10,7749,7749,7808,2020-01-01 02:09:09,2020-01-01 02:10:08,0.5013906146798814,0.4742532627923147
E-10,7750,7750,7809,2020-01-01 02:09:10,2020-01-01 02:10:09,0.49454477429389954,0.4742532627923147
E-10,7751,7751,7810,2020-01-01 02:09:11,2020-01-01 02:10:10,0.4864520643438612,0.4742532627923147
E-10,7752,7752,7811,2020-01-01 02:09:12,2020-01-01 02:10:11,0.4776228027684348,0.4742532627923147
E-10,7753,7753,7812,2020-01-01 02:09:13,2020-01-01 02:10:12,0.4699865068708147,0.4742532627923147
E-10,8063,8063,8122,2020-01-01 02:14:23,2020-01-01 02:15:22,0.4737031715256827,0.4742532627923147
E-10,8064,8064,8123,2020-01-01 02:14:24,2020-01-01 02:15:23,0.5095412007399968,0.4742532627923147
E-10,8065,8065,8124,2020-01-01 02:14:25,2020-01-01 02:15:24,0.5253197593348367,0.4742532627923147
E-10,8066,8066,8125,2020-01-01 02:14:26,2020-01-01 02:15:25,0.5291291901043482,0.4742532627923147
E-10,8067,8067,8126,2020-01-01 02:14:27,2020-01-01 02:15:26,0.5288166063172476,0.4742532627923147
E-10,8068,8068,8127,2020-01-01 02:14:28,2020-01-01 02:15:27,0.5269281608717782,0.4742532627923147
E-10,8069,8069,8128,2020-01-01 02:14:29,2020-01-01 02:15:28,0.5246264849390302,0.4742532627923147
E-10,8070,8070,8129,2020-01-01 02:14:30,2020-01-01 02:15:29,0.5229326912334987,0.4742532627923147
E-10,8071,8071,8130,2020-01-01 02:14:31,2020-01-01 02:15:30,0.5231224468776158,0.4742532627923147
E-10,8072,8072,8131,2020-01-01 02:14:32,2020-01-01 02:15:31,0.5367442624909537,0.4742532627923147
E-10,8073,8073,8132,2020-01-01 02:14:33,2020-01-01 02:15:32,0.5565081068447658,0.4742532627923147
E-10,8074,8074,8133,2020-01-01 02:14:34,2020-01-01 02:15:33,0.575097518307822,0.4742532627923147
E-10,8075,8075,8134,2020-01-01 02:14:35,2020-01-01 02:15:34,0.5891230021204267,0.4742532627923147
E-10,8076,8076,8135,2020-01-01 02:14:36,2020-01-01 02:15:35,0.601467686040061,0.4742532627923147
E-10,8077,8077,8136,2020-01-01 02:14:37,2020-01-01 02:15:36,0.5965772015707833,0.4742532627923147
E-10,8078,8078,8137,2020-01-01 02:14:38,2020-01-01 02:15:37,0.5856456117970602,0.4742532627923147
E-10,8079,8079,8138,2020-01-01 02:14:39,2020-01-01 02:15:38,0.5643995191369737,0.4742532627923147
E-10,8080,8080,8139,2020-01-01 02:14:40,2020-01-01 02:15:39,0.5395145416259766,0.4742532627923147
E-10,8081,8081,8140,2020-01-01 02:14:41,2020-01-01 02:15:40,0.5162429511547089,0.4742532627923147
E-10,8082,8082,8141,2020-01-01 02:14:42,2020-01-01 02:15:41,0.4954974438462938,0.4742532627923147
E-10,8083,8083,8142,2020-01-01 02:14:43,2020-01-01 02:15:42,0.4742532627923147,0.4742532627923147
E-10,8084,8084,8143,2020-01-01 02:14:44,2020-01-01 02:15:43,0.4684295569147382,0.4742532627923147
E-10,8348,8348,8407,2020-01-01 02:19:08,2020-01-01 02:20:07,0.4726953974791935,0.4742532627923147
E-10,8349,8349,8408,2020-01-01 02:19:09,2020-01-01 02:20:08,0.5214032743658338,0.4742532627923147
E-10,8350,8350,8409,2020-01-01 02:19:10,2020-01-01 02:20:09,0.5558795801230839,0.4742532627923147
E-10,8351,8351,8410,2020-01-01 02:19:11,2020-01-01 02:20:10,0.5813734872000558,0.4742532627923147
E-10,8352,8352,8411,2020-01-01 02:19:12,2020-01-01 02:20:11,0.6020384090287344,0.4742532627923147
E-10,8353,8353,8412,2020-01-01 02:19:13,2020-01-01 02:20:12,0.6160764864512851,0.4742532627923147
E-10,8354,8354,8413,2020-01-01 02:19:14,2020-01-01 02:20:13,0.6236498696463448,0.4742532627923147
E-10,8355,8355,8414,2020-01-01 02:19:15,2020-01-01 02:20:14,0.6254805752209254,0.4742532627923147
E-10,8356,8356,8415,2020-01-01 02:19:16,2020-01-01 02:20:15,0.6234666194234576,0.4742532627923147
E-10,8357,8357,8416,2020-01-01 02:19:17,2020-01-01 02:20:16,0.6366538575717381,0.4742532627923147
E-10,8358,8358,8417,2020-01-01 02:19:18,2020-01-01 02:20:17,0.6591470411845616,0.4742532627923147
E-10,8359,8359,8418,2020-01-01 02:19:19,2020-01-01 02:20:18,0.6840173772403172,0.4742532627923147
E-10,8360,8360,8419,2020-01-01 02:19:20,2020-01-01 02:20:19,0.7101041844912936,0.4742532627923147
E-10,8361,8361,8420,2020-01-01 02:19:21,2020-01-01 02:20:20,0.736345452921731,0.4742532627923147
E-10,8362,8362,8421,2020-01-01 02:19:22,2020-01-01 02:20:21,0.762292913028172,0.4742532627923147
E-10,8363,8363,8422,2020-01-01 02:19:23,2020-01-01 02:20:22,0.7869671838624136,0.4742532627923147
E-10,8364,8364,8423,2020-01-01 02:19:24,2020-01-01 02:20:23,0.792205240045275,0.4742532627923147
E-10,8365,8365,8424,2020-01-01 02:19:25,2020-01-01 02:20:24,0.7856755426951817,0.4742532627923147
E-10,8366,8366,8425,2020-01-01 02:19:26,2020-01-01 02:20:25,0.7755601065499442,0.4742532627923147
E-10,8367,8367,8426,2020-01-01 02:19:27,2020-01-01 02:20:26,0.762721061706543,0.4742532627923147
E-10,8368,8368,8427,2020-01-01 02:19:28,2020-01-01 02:20:27,0.7503773314612252,0.4742532627923147
E-10,8369,8369,8428,2020-01-01 02:19:29,2020-01-01 02:20:28,0.7213573200362069,0.4742532627923147
E-10,8370,8370,8429,2020-01-01 02:19:30,2020-01-01 02:20:29,0.6878330622400556,0.4742532627923147
E-10,8371,8371,8430,2020-01-01 02:19:31,2020-01-01 02:20:30,0.6553477559770856,0.4742532627923147
E-10,8372,8372,8431,2020-01-01 02:19:32,2020-01-01 02:20:31,0.6237971016338892,0.4742532627923147
E-10,8373,8373,8432,2020-01-01 02:19:33,2020-01-01 02:20:32,0.5930059552192688,0.4742532627923147
E-10,8374,8374,8433,2020-01-01 02:19:34,2020-01-01 02:20:33,0.5645819732121058,0.4742532627923147
E-10,8375,8375,8434,2020-01-01 02:19:35,2020-01-01 02:20:34,0.5358977488109044,0.4742532627923147
E-10,8376,8376,8435,2020-01-01 02:19:36,2020-01-01 02:20:35,0.5239678493567875,0.4742532627923147
E-10,8377,8377,8436,2020-01-01 02:19:37,2020-01-01 02:20:36,0.5161295916352953,0.4742532627923147
E-10,8378,8378,8437,2020-01-01 02:19:38,2020-01-01 02:20:37,0.5069545464856283,0.4742532627923147
E-10,8379,8379,8438,2020-01-01 02:19:39,2020-01-01 02:20:38,0.4970094433852604,0.4742532627923147
E-10,8380,8380,8439,2020-01-01 02:19:40,2020-01-01 02:20:39,0.48681853924478796,0.4742532627923147
E-10,8381,8381,8440,2020-01-01 02:19:41,2020-01-01 02:20:40,0.4779341263430459,0.4742532627923147
E-10,8382,8382,8441,2020-01-01 02:19:42,2020-01-01 02:20:41,0.4685731061867304,0.4742532627923147
