win_index,start_idx,end_idx,timestamp_start,timestamp_end,recon_mse,score,y_pred,threshold
0,0,59,2020-01-01 00:00:00,2020-01-01 00:00:59,0.00023856772168073803,0.023440892142908912,0,0.6733345748271261
1,1,60,2020-01-01 00:00:01,2020-01-01 00:01:00,0.00021447257313411683,0.027853082865476605,0,0.6733345748271261
2,2,61,2020-01-01 00:00:02,2020-01-01 00:01:01,0.00020299384777899832,0.0329086956168924,0,0.6733345748271261
3,3,62,2020-01-01 00:00:03,2020-01-01 00:01:02,0.00019692184287123382,0.03723115473985671,0,0.6733345748271261
4,4,63,2020-01-01 00:00:04,2020-01-01 00:01:03,0.00019609677838161588,0.031023956835269925,0,0.6733345748271261
5,5,64,2020-01-01 00:00:05,2020-01-01 00:01:04,0.000199170783162117,0.028085527941584584,0,0.6733345748271261
6,6,65,2020-01-01 00:00:06,2020-01-01 00:01:05,0.00020571582717821002,0.026558681790317805,0,0.6733345748271261
7,7,66,2020-01-01 00:00:07,2020-01-01 00:01:06,0.00021312480384949595,0.027078561484813687,0,0.6733345748271261
8,8,67,2020-01-01 00:00:08,2020-01-01 00:01:07,0.00022057219757698476,0.028345941965069087,0,0.6733345748271261
9,9,68,2020-01-01 00:00:09,2020-01-01 00:01:08,0.00023196819529403,0.02980930730700493,0,0.6733345748271261
10,10,69,2020-01-01 00:00:10,2020-01-01 00:01:09,0.000246471754508093,0.03286965191364288,0,0.6733345748271261
11,11,70,2020-01-01 00:00:11,2020-01-01 00:01:10,0.0002637430152390152,0.037190195705209456,0,0.6733345748271261
12,12,71,2020-01-01 00:00:12,2020-01-01 00:01:11,0.0002784659154713154,0.04280112657163824,0,0.6733345748271261
13,13,72,2020-01-01 00:00:13,2020-01-01 00:01:12,0.0002916990197263658,0.04815954236047608,0,0.6733345748271261
14,14,73,2020-01-01 00:00:14,2020-01-01 00:01:13,0.00030502997105941176,0.052494811692408154,0,0.6733345748271261
15,15,74,2020-01-01 00:00:15,2020-01-01 00:01:14,0.00031503287027589977,0.05545609071850777,0,0.6733345748271261
16,16,75,2020-01-01 00:00:16,2020-01-01 00:01:15,0.00032356614246964455,0.0592746122607163,0,0.6733345748271261
17,17,76,2020-01-01 00:00:17,2020-01-01 00:01:16,0.00033038484980352223,0.06294235746775355,0,0.6733345748271261
18,18,77,2020-01-01 00:00:18,2020-01-01 00:01:17,0.00033644383074715734,0.06691515605364526,0,0.6733345748271261
19,19,78,2020-01-01 00:00:19,2020-01-01 00:01:18,0.0003427930932957679,0.07128733396530151,0,0.6733345748271261
20,20,79,2020-01-01 00:00:20,2020-01-01 00:01:19,0.0003512331168167293,0.07634244007723671,0,0.6733345748271261
21,21,80,2020-01-01 00:00:21,2020-01-01 00:01:20,0.00036043577711097896,0.08208189372505459,0,0.6733345748271261
22,22,81,2020-01-01 00:00:22,2020-01-01 00:01:21,0.00036976340925320983,0.09648758811610085,0,0.6733345748271261
23,23,82,2020-01-01 00:00:23,2020-01-01 00:01:22,0.0003794048388954252,0.11298835703304835,0,0.6733345748271261
24,24,83,2020-01-01 00:00:24,2020-01-01 00:01:23,0.0003885331971105188,0.13056561883006776,0,0.6733345748271261
25,25,84,2020-01-01 00:00:25,2020-01-01 00:01:24,0.0004049127164762467,0.1488276198506355,0,0.6733345748271261
26,26,85,2020-01-01 00:00:26,2020-01-01 00:01:25,0.0004261889262124896,0.16761204600334167,0,0.6733345748271261
27,27,86,2020-01-01 00:00:27,2020-01-01 00:01:26,0.0004463558434508741,0.18714694891657147,0,0.6733345748271261
28,28,87,2020-01-01 00:00:28,2020-01-01 00:01:27,0.0004662250867113471,0.20757783523627688,0,0.6733345748271261
29,29,88,2020-01-01 00:00:29,2020-01-01 00:01:28,0.00048627133946865797,0.22062510464872628,0,0.6733345748271261
30,30,89,2020-01-01 00:00:30,2020-01-01 00:01:29,0.0005056144436821342,0.23146871370928626,0,0.6733345748271261
31,31,90,2020-01-01 00:00:31,2020-01-01 00:01:30,0.0005257571465335786,0.24171059897967745,0,0.6733345748271261
32,32,91,2020-01-01 00:00:32,2020-01-01 00:01:31,0.00054323417134583,0.2508561440876552,0,0.6733345748271261
33,33,92,2020-01-01 00:00:33,2020-01-01 00:01:32,0.0005601213779300451,0.2597768902778625,0,0.6733345748271261
34,34,93,2020-01-01 00:00:34,2020-01-01 00:01:33,0.0005740011692978442,0.2682378143072128,0,0.6733345748271261
35,35,94,2020-01-01 00:00:35,2020-01-01 00:01:34,0.000581940752454102,0.2741233621324811,0,0.6733345748271261
36,36,95,2020-01-01 00:00:36,2020-01-01 00:01:35,0.0005894880159758031,0.27747642993927,0,0.6733345748271261
37,37,96,2020-01-01 00:00:37,2020-01-01 00:01:36,0.0005910983891226351,0.279465343270983,0,0.6733345748271261
38,38,97,2020-01-01 00:00:38,2020-01-01 00:01:37,0.0005866984138265252,0.2811327406338283,0,0.6733345748271261
39,39,98,2020-01-01 00:00:39,2020-01-01 00:01:38,0.0005828082212246954,0.2846993889127459,0,0.6733345748271261
40,40,99,2020-01-01 00:00:40,2020-01-01 00:01:39,0.0005841270321980119,0.289743321282523,0,0.6733345748271261
41,41,100,2020-01-01 00:00:41,2020-01-01 00:01:40,0.0005918539245612919,0.29615340062550133,0,0.6733345748271261
42,42,101,2020-01-01 00:00:42,2020-01-01 00:01:41,0.0006006552721373737,0.3160737838063922,0,0.6733345748271261
43,43,102,2020-01-01 00:00:43,2020-01-01 00:01:42,0.0006076970603317022,0.34532336677823744,0,0.6733345748271261
44,44,103,2020-01-01 00:00:44,2020-01-01 00:01:43,0.0006159231998026371,0.37997922727039873,0,0.6733345748271261
45,45,104,2020-01-01 00:00:45,2020-01-01 00:01:44,0.000636314507573843,0.41741206816264553,0,0.6733345748271261
46,46,105,2020-01-01 00:00:46,2020-01-01 00:01:45,0.0006620464846491814,0.45592378718512394,0,0.6733345748271261
47,47,106,2020-01-01 00:00:47,2020-01-01 00:01:46,0.000689971842803061,0.49510202237537915,0,0.6733345748271261
48,48,107,2020-01-01 00:00:48,2020-01-01 00:01:47,0.0007206732989288867,0.5318351898874554,0,0.6733345748271261
49,49,108,2020-01-01 00:00:49,2020-01-01 00:01:48,0.0007539950893260539,0.555309534072876,0,0.6733345748271261
50,50,109,2020-01-01 00:00:50,2020-01-01 00:01:49,0.000791903177741915,0.567695140838623,0,0.6733345748271261
51,51,110,2020-01-01 00:00:51,2020-01-01 00:01:50,0.0008180348668247461,0.5717322315488542,0,0.6733345748271261
52,52,111,2020-01-01 00:00:52,2020-01-01 00:01:51,0.0008398117497563362,0.5698527438299996,0,0.6733345748271261
53,53,112,2020-01-01 00:00:53,2020-01-01 00:01:52,0.0008508849423378706,0.5642432400158472,0,0.6733345748271261
54,54,113,2020-01-01 00:00:54,2020-01-01 00:01:53,0.0008577444241382182,0.5542149799210685,0,0.6733345748271261
55,55,114,2020-01-01 00:00:55,2020-01-01 00:01:54,0.000862437707837671,0.5426575796944754,0,0.6733345748271261
56,56,115,2020-01-01 00:00:56,2020-01-01 00:01:55,0.0008687879308126867,0.5315980996404375,0,0.6733345748271261
57,57,116,2020-01-01 00:00:57,2020-01-01 00:01:56,0.0008759982301853597,0.5228623066629683,0,0.6733345748271261
58,58,117,2020-01-01 00:00:58,2020-01-01 00:01:57,0.0008854990010149777,0.515534873519625,0,0.6733345748271261
59,59,118,2020-01-01 00:00:59,2020-01-01 00:01:58,0.0009028756758198142,0.5086920814854758,0,0.6733345748271261
60,60,119,2020-01-01 00:01:00,2020-01-01 00:01:59,0.0009113836567848921,0.5003901932920728,0,0.6733345748271261
61,61,120,2020-01-01 00:01:01,2020-01-01 00:02:00,0.0009163745562545955,0.49127700924873346,0,0.6733345748271261
62,62,121,2020-01-01 00:01:02,2020-01-01 00:02:01,0.0009198607876896858,0.49041551777294695,0,0.6733345748271261
63,63,122,2020-01-01 00:01:03,2020-01-01 00:02:02,0.0009242347441613674,0.48960769602230614,0,0.6733345748271261
64,64,123,2020-01-01 00:01:04,2020-01-01 00:02:03,0.0009299846715293825,0.49220880014555785,0,0.6733345748271261
65,65,124,2020-01-01 00:01:05,2020-01-01 00:02:04,0.0009279344812966883,0.5040064113480703,0,0.6733345748271261
66,66,125,2020-01-01 00:01:06,2020-01-01 00:02:05,0.0009259520447812974,0.5279247164726257,0,0.6733345748271261
67,67,126,2020-01-01 00:01:07,2020-01-01 00:02:06,0.0009322321275249124,0.5616435578891208,0,0.6733345748271261
68,68,127,2020-01-01 00:01:08,2020-01-01 00:02:07,0.0009427168988622725,0.6004362361771719,0,0.6733345748271261
69,69,128,2020-01-01 00:01:09,2020-01-01 00:02:08,0.000961530371569097,0.636861937386649,1,0.6733345748271261
70,70,129,2020-01-01 00:01:10,2020-01-01 00:02:09,0.0009820947889238596,0.6775368962969097,1,0.6733345748271261
71,71,130,2020-01-01 00:01:11,2020-01-01 00:02:10,0.0010070825228467584,0.7197612779481071,1,0.6733345748271261
72,72,131,2020-01-01 00:01:12,2020-01-01 00:02:11,0.0010307232150807977,0.7577142630304609,1,0.6733345748271261
73,73,132,2020-01-01 00:01:13,2020-01-01 00:02:12,0.001050198799930513,0.7873113581112453,1,0.6733345748271261
74,74,133,2020-01-01 00:01:14,2020-01-01 00:02:13,0.0010691687930375338,0.8097279923302787,1,0.6733345748271261
75,75,134,2020-01-01 00:01:15,2020-01-01 00:02:14,0.0010821938049048185,0.8291065096855164,1,0.6733345748271261
76,76,135,2020-01-01 00:01:16,2020-01-01 00:02:15,0.0010871220147237182,0.8422242658478872,1,0.6733345748271261
77,77,136,2020-01-01 00:01:17,2020-01-01 00:02:16,0.0010852719424292445,0.8479042989867074,1,0.6733345748271261
78,78,137,2020-01-01 00:01:18,2020-01-01 00:02:17,0.0010784703772515059,0.8439483557428632,1,0.6733345748271261
79,79,138,2020-01-01 00:01:19,2020-01-01 00:02:18,0.0010506592225283384,0.8351053510393415,1,0.6733345748271261
80,80,139,2020-01-01 00:01:20,2020-01-01 00:02:19,0.0010133953765034676,0.8188604457037789,1,0.6733345748271261
81,81,140,2020-01-01 00:01:21,2020-01-01 00:02:20,0.0009648476843722165,0.7855246407645089,1,0.6733345748271261
82,82,141,2020-01-01 00:01:22,2020-01-01 00:02:21,0.0009146006777882576,0.7468550801277161,1,0.6733345748271261
83,83,142,2020-01-01 00:01:23,2020-01-01 00:02:22,0.0008580425637774169,0.7079621638570511,1,0.6733345748271261
84,84,143,2020-01-01 00:01:24,2020-01-01 00:02:23,0.0007967323181219399,0.6717049309185572,1,0.6733345748271261
85,85,144,2020-01-01 00:01:25,2020-01-01 00:02:24,0.000767059565987438,0.6399098208972386,0,0.6733345748271261
86,86,145,2020-01-01 00:01:26,2020-01-01 00:02:25,0.0007545185508206487,0.6092313783509391,0,0.6733345748271261
87,87,146,2020-01-01 00:01:27,2020-01-01 00:02:26,0.0007449855329468846,0.5846894894327437,0,0.6733345748271261
88,88,147,2020-01-01 00:01:28,2020-01-01 00:02:27,0.0007375029963441193,0.577406142439161,0,0.6733345748271261
89,89,148,2020-01-01 00:01:29,2020-01-01 00:02:28,0.0007333498797379434,0.5760367172104971,0,0.6733345748271261
90,90,149,2020-01-01 00:01:30,2020-01-01 00:02:29,0.0007338841678574681,0.5775706427437918,0,0.6733345748271261
91,91,150,2020-01-01 00:01:31,2020-01-01 00:02:30,0.0007390368264168501,0.5809514948299952,0,0.6733345748271261
92,92,151,2020-01-01 00:01:32,2020-01-01 00:02:31,0.0007463217480108142,0.5859759960855756,0,0.6733345748271261
93,93,152,2020-01-01 00:01:33,2020-01-01 00:02:32,0.0007572908652946353,0.5924055491174969,0,0.6733345748271261
94,94,153,2020-01-01 00:01:34,2020-01-01 00:02:33,0.0007715423707850277,0.5998274683952332,0,0.6733345748271261
95,95,154,2020-01-01 00:01:35,2020-01-01 00:02:34,0.0007879184558987617,0.6085197584969656,0,0.6733345748271261
96,96,155,2020-01-01 00:01:36,2020-01-01 00:02:35,0.0008087305468507111,0.6192228964396885,0,0.6733345748271261
97,97,156,2020-01-01 00:01:37,2020-01-01 00:02:36,0.0008333466248586774,0.6323366165161132,0,0.6733345748271261
98,98,157,2020-01-01 00:01:38,2020-01-01 00:02:37,0.000863131950609386,0.6478260500090463,0,0.6733345748271261
99,99,158,2020-01-01 00:01:39,2020-01-01 00:02:38,0.0008970334311015904,0.6686225363186427,1,0.6733345748271261
100,100,159,2020-01-01 00:01:40,2020-01-01 00:02:39,0.0009347018203698099,0.6896789073944092,1,0.6733345748271261
101,101,160,2020-01-01 00:01:41,2020-01-01 00:02:40,0.0009753667400218546,0.7038163798195974,1,0.6733345748271261
102,102,161,2020-01-01 00:01:42,2020-01-01 00:02:41,0.0010189483873546124,0.716073589665549,1,0.6733345748271261
103,103,162,2020-01-01 00:01:43,2020-01-01 00:02:42,0.0010614776983857155,0.7280606968062264,1,0.6733345748271261
104,104,163,2020-01-01 00:01:44,2020-01-01 00:02:43,0.0011053731432184577,0.7401133605412075,1,0.6733345748271261
105,105,164,2020-01-01 00:01:45,2020-01-01 00:02:44,0.001156347687356174,0.7506755760737828,1,0.6733345748271261
106,106,165,2020-01-01 00:01:46,2020-01-01 00:02:45,0.0012067033676430583,0.7577260051454816,1,0.6733345748271261
107,107,166,2020-01-01 00:01:47,2020-01-01 00:02:46,0.0012487465282902122,0.7652360200881958,1,0.6733345748271261
108,108,167,2020-01-01 00:01:48,2020-01-01 00:02:47,0.001279963762499392,0.7798481328146797,1,0.6733345748271261
109,109,168,2020-01-01 00:01:49,2020-01-01 00:02:48,0.0012977789156138897,0.7950895428657531,1,0.6733345748271261
110,110,169,2020-01-01 00:01:50,2020-01-01 00:02:49,0.00129759032279253,0.8093800118991306,1,0.6733345748271261
111,111,170,2020-01-01 00:01:51,2020-01-01 00:02:50,0.0012864293530583382,0.8185343657221111,1,0.6733345748271261
112,112,171,2020-01-01 00:01:52,2020-01-01 00:02:51,0.0012641226639971137,0.823635194982801,1,0.6733345748271261
113,113,172,2020-01-01 00:01:53,2020-01-01 00:02:52,0.001234668307006359,0.8260686142104013,1,0.6733345748271261
114,114,173,2020-01-01 00:01:54,2020-01-01 00:02:53,0.0011953638168051839,0.8222831913403102,1,0.6733345748271261
115,115,174,2020-01-01 00:01:55,2020-01-01 00:02:54,0.001147973001934588,0.8112847123827253,1,0.6733345748271261
116,116,175,2020-01-01 00:01:56,2020-01-01 00:02:55,0.0010969721479341388,0.7918127008846828,1,0.6733345748271261
117,117,176,2020-01-01 00:01:57,2020-01-01 00:02:56,0.0010281311115249991,0.7641350626945496,1,0.6733345748271261
118,118,177,2020-01-01 00:01:58,2020-01-01 00:02:57,0.0009441369329579175,0.7317929438182285,1,0.6733345748271261
119,119,178,2020-01-01 00:01:59,2020-01-01 00:02:58,0.0008454450871795416,0.6916460224560328,1,0.6733345748271261
120,120,179,2020-01-01 00:02:00,2020-01-01 00:02:59,0.0007503183442167938,0.6492737361363002,1,0.6733345748271261
121,121,180,2020-01-01 00:02:01,2020-01-01 00:03:00,0.0006566625088453293,0.5942272841930388,0,0.6733345748271261
122,122,181,2020-01-01 00:02:02,2020-01-01 00:03:01,0.000564520712941885,0.5437433166163308,0,0.6733345748271261
123,123,182,2020-01-01 00:02:03,2020-01-01 00:03:02,0.0004789489321410656,0.4871898165770939,0,0.6733345748271261
124,124,183,2020-01-01 00:02:04,2020-01-01 00:03:03,0.000397425057599321,0.4331876039505005,0,0.6733345748271261
125,125,184,2020-01-01 00:02:05,2020-01-01 00:03:04,0.00034520693589001894,0.36657524960381643,0,0.6733345748271261
126,126,185,2020-01-01 00:02:06,2020-01-01 00:03:05,0.00030405938741751015,0.3008235820702144,0,0.6733345748271261
127,127,186,2020-01-01 00:02:07,2020-01-01 00:03:06,0.0002782092778943479,0.2351826573056834,0,0.6733345748271261
128,128,187,2020-01-01 00:02:08,2020-01-01 00:03:07,0.00024740726803429425,0.18545711838773318,0,0.6733345748271261
129,129,188,2020-01-01 00:02:09,2020-01-01 00:03:08,0.00022827721841167659,0.1358567151640143,0,0.6733345748271261
130,130,189,2020-01-01 00:02:10,2020-01-01 00:03:09,0.00021210615523159504,0.09945743371333395,0,0.6733345748271261
131,131,190,2020-01-01 00:02:11,2020-01-01 00:03:10,0.00019871187396347523,0.06746074184775352,0,0.6733345748271261
132,132,191,2020-01-01 00:02:12,2020-01-01 00:03:11,0.00018817352247424424,0.055253314652613225,0,0.6733345748271261
133,133,192,2020-01-01 00:02:13,2020-01-01 00:03:12,0.00018244671809952706,0.05235956130283219,0,0.6733345748271261
134,134,193,2020-01-01 00:02:14,2020-01-01 00:03:13,0.00018150413234252483,0.05315193746771131,0,0.6733345748271261
135,135,194,2020-01-01 00:02:15,2020-01-01 00:03:14,0.00018406266462989151,0.056834056973457336,0,0.6733345748271261
136,136,195,2020-01-01 00:02:16,2020-01-01 00:03:15,0.00018965010531246662,0.06393316601003919,0,0.6733345748271261
137,137,196,2020-01-01 00:02:17,2020-01-01 00:03:16,0.0002000456879613921,0.07302950535501752,0,0.6733345748271261
138,138,197,2020-01-01 00:02:18,2020-01-01 00:03:17,0.00021505106997210532,0.08367780276707239,0,0.6733345748271261
139,139,198,2020-01-01 00:02:19,2020-01-01 00:03:18,0.00023386525572277606,0.09465438340391431,0,0.6733345748271261
140,140,199,2020-01-01 00:02:20,2020-01-01 00:03:19,0.00025203285622410476,0.1074980209980692,0,0.6733345748271261
141,141,200,2020-01-01 00:02:21,2020-01-01 00:03:20,0.0002702165220398456,0.12023740474666866,0,0.6733345748271261
142,142,201,2020-01-01 00:02:22,2020-01-01 00:03:21,0.0002827100979629904,0.13252584529774528,0,0.6733345748271261
143,143,202,2020-01-01 00:02:23,2020-01-01 00:03:22,0.000299837498459965,0.143411856676851,0,0.6733345748271261
144,144,203,2020-01-01 00:02:24,2020-01-01 00:03:23,0.0003179252380505204,0.15398733424288885,0,0.6733345748271261
145,145,204,2020-01-01 00:02:25,2020-01-01 00:03:24,0.00033664621878415346,0.16315949814660208,0,0.6733345748271261
146,146,205,2020-01-01 00:02:26,2020-01-01 00:03:25,0.00035702710738405585,0.17167128196784426,0,0.6733345748271261
147,147,206,2020-01-01 00:02:27,2020-01-01 00:03:26,0.0003782491839956492,0.17789315964494432,0,0.6733345748271261
148,148,207,2020-01-01 00:02:28,2020-01-01 00:03:27,0.0003929332015104592,0.1820510902575084,0,0.6733345748271261
149,149,208,2020-01-01 00:02:29,2020-01-01 00:03:28,0.0004077584308106452,0.18470421007701326,0,0.6733345748271261
150,150,209,2020-01-01 00:02:30,2020-01-01 00:03:29,0.00042043509893119335,0.1846430493252618,0,0.6733345748271261
151,151,210,2020-01-01 00:02:31,2020-01-01 00:03:30,0.00043112982530146837,0.18188897413866859,0,0.6733345748271261
152,152,211,2020-01-01 00:02:32,2020-01-01 00:03:31,0.0004389176901895553,0.17710081381457193,0,0.6733345748271261
153,153,212,2020-01-01 00:02:33,2020-01-01 00:03:32,0.0004362821637187153,0.17019401277814594,0,0.6733345748271261
154,154,213,2020-01-01 00:02:34,2020-01-01 00:03:33,0.0004290227370802313,0.16150722759110583,0,0.6733345748271261
155,155,214,2020-01-01 00:02:35,2020-01-01 00:03:34,0.00041800650069490075,0.15151342962469372,0,0.6733345748271261
156,156,215,2020-01-01 00:02:36,2020-01-01 00:03:35,0.00040357274701818824,0.13990796889577592,0,0.6733345748271261
157,157,216,2020-01-01 00:02:37,2020-01-01 00:03:36,0.0003880938165821135,0.12821700743266512,0,0.6733345748271261
158,158,217,2020-01-01 00:02:38,2020-01-01 00:03:37,0.00037018442526459694,0.11673188848154885,0,0.6733345748271261
159,159,218,2020-01-01 00:02:39,2020-01-01 00:03:38,0.0003528039378579706,0.10585826954671315,0,0.6733345748271261
160,160,219,2020-01-01 00:02:40,2020-01-01 00:03:39,0.000335269229253754,0.09575698844024114,0,0.6733345748271261
161,161,220,2020-01-01 00:02:41,2020-01-01 00:03:40,0.0003176953177899122,0.08649609982967377,0,0.6733345748271261
162,162,221,2020-01-01 00:02:42,2020-01-01 00:03:41,0.00030010819318704307,0.07874576108796254,0,0.6733345748271261
163,163,222,2020-01-01 00:02:43,2020-01-01 00:03:42,0.0002832968602888286,0.07244382798671722,0,0.6733345748271261
164,164,223,2020-01-01 00:02:44,2020-01-01 00:03:43,0.00026731917751021683,0.06733754969068935,0,0.6733345748271261
165,165,224,2020-01-01 00:02:45,2020-01-01 00:03:44,0.00025264479336328804,0.06387398391962051,0,0.6733345748271261
166,166,225,2020-01-01 00:02:46,2020-01-01 00:03:45,0.0002397694915998727,0.06123537038053784,0,0.6733345748271261
167,167,226,2020-01-01 00:02:47,2020-01-01 00:03:46,0.00022878553136251867,0.059379891093288145,0,0.6733345748271261
168,168,227,2020-01-01 00:02:48,2020-01-01 00:03:47,0.0002200622548116371,0.05836216200675284,0,0.6733345748271261
169,169,228,2020-01-01 00:02:49,2020-01-01 00:03:48,0.00021263303642626852,0.05807938160640853,0,0.6733345748271261
170,170,229,2020-01-01 00:02:50,2020-01-01 00:03:49,0.000207253047847189,0.05546931017722402,0,0.6733345748271261
171,171,230,2020-01-01 00:02:51,2020-01-01 00:03:50,0.0002042931446339935,0.05609215583120074,0,0.6733345748271261
172,172,231,2020-01-01 00:02:52,2020-01-01 00:03:51,0.0002035654615610838,0.050444283921803744,0,0.6733345748271261
173,173,232,2020-01-01 00:02:53,2020-01-01 00:03:52,0.00020488997688516974,0.04538894444704055,0,0.6733345748271261
174,174,233,2020-01-01 00:02:54,2020-01-01 00:03:53,0.00020999452681280673,0.04075851770383971,0,0.6733345748271261
175,175,234,2020-01-01 00:02:55,2020-01-01 00:03:54,0.0002162827440770343,0.03643484839371272,0,0.6733345748271261
176,176,235,2020-01-01 00:02:56,2020-01-01 00:03:55,0.00022658391389995813,0.03173071412103516,0,0.6733345748271261
177,177,236,2020-01-01 00:02:57,2020-01-01 00:03:56,0.00023706667707301676,0.029327564739755223,0,0.6733345748271261
178,178,237,2020-01-01 00:02:58,2020-01-01 00:03:57,0.0002463262644596398,0.023457895698291913,0,0.6733345748271261
179,179,238,2020-01-01 00:02:59,2020-01-01 00:03:58,0.0002521644055377692,0.023115222475358417,0,0.6733345748271261
180,180,239,2020-01-01 00:03:00,2020-01-01 00:03:59,0.0002545933239161968,0.022085415997675488,0,0.6733345748271261
181,181,240,2020-01-01 00:03:01,2020-01-01 00:04:00,0.00025058805476874113,0.02105645995054926,0,0.6733345748271261
182,182,241,2020-01-01 00:03:02,2020-01-01 00:04:01,0.00024305988335981965,0.019890963499035155,0,0.6733345748271261
183,183,242,2020-01-01 00:03:03,2020-01-01 00:04:02,0.000226990960072726,0.019327851810625622,0,0.6733345748271261
184,184,243,2020-01-01 00:03:04,2020-01-01 00:04:03,0.00021068569913040847,0.019277053219931464,0,0.6733345748271261
185,185,244,2020-01-01 00:03:05,2020-01-01 00:04:04,0.00019426923245191574,0.019969205238989422,0,0.6733345748271261
186,186,245,2020-01-01 00:03:06,2020-01-01 00:04:05,0.00018712907331064343,0.02127885419343199,0,0.6733345748271261
187,187,246,2020-01-01 00:03:07,2020-01-01 00:04:06,0.00018545099010225385,0.023262352549604005,0,0.6733345748271261
188,188,247,2020-01-01 00:03:08,2020-01-01 00:04:07,0.00019166628771927208,0.02554990697119917,0,0.6733345748271261
189,189,248,2020-01-01 00:03:09,2020-01-01 00:04:08,0.00019875439465977252,0.028452547267079353,0,0.6733345748271261
190,190,249,2020-01-01 00:03:10,2020-01-01 00:04:09,0.0002058061072602868,0.031580618715712,0,0.6733345748271261
191,191,250,2020-01-01 00:03:11,2020-01-01 00:04:10,0.00021401931007858366,0.0356243902019092,0,0.6733345748271261
192,192,251,2020-01-01 00:03:12,2020-01-01 00:04:11,0.00022512898431159556,0.0408835911325046,0,0.6733345748271261
193,193,252,2020-01-01 00:03:13,2020-01-01 00:04:12,0.0002382247766945511,0.04830355436674186,0,0.6733345748271261
194,194,253,2020-01-01 00:03:14,2020-01-01 00:04:13,0.0002584519679658115,0.05877394122736795,0,0.6733345748271261
195,195,254,2020-01-01 00:03:15,2020-01-01 00:04:14,0.0002831426099874079,0.07232655425156866,0,0.6733345748271261
196,196,255,2020-01-01 00:03:16,2020-01-01 00:04:15,0.0003153045545332134,0.08981724775263242,0,0.6733345748271261
197,197,256,2020-01-01 00:03:17,2020-01-01 00:04:16,0.00035019931965507567,0.10948333303843226,0,0.6733345748271261
198,198,257,2020-01-01 00:03:18,2020-01-01 00:04:17,0.00038808095268905163,0.12991403575454438,0,0.6733345748271261
199,199,258,2020-01-01 00:03:19,2020-01-01 00:04:18,0.0004239985137246549,0.15229894859450202,0,0.6733345748271261
200,200,259,2020-01-01 00:03:20,2020-01-01 00:04:19,0.00045738142216578126,0.17576416262558525,0,0.6733345748271261
201,201,260,2020-01-01 00:03:21,2020-01-01 00:04:20,0.0004912314470857382,0.19905047331537515,0,0.6733345748271261
202,202,261,2020-01-01 00:03:22,2020-01-01 00:04:21,0.0005305670783855021,0.22264178097248075,0,0.6733345748271261
203,203,262,2020-01-01 00:03:23,2020-01-01 00:04:22,0.0005625936319120228,0.2440290089164461,0,0.6733345748271261
204,204,263,2020-01-01 00:03:24,2020-01-01 00:04:23,0.0005927997408434749,0.2626370042562485,0,0.6733345748271261
205,205,264,2020-01-01 00:03:25,2020-01-01 00:04:24,0.0006176350289024413,0.2805122754403523,0,0.6733345748271261
206,206,265,2020-01-01 00:03:26,2020-01-01 00:04:25,0.0006364711443893611,0.2957409492560795,0,0.6733345748271261
207,207,266,2020-01-01 00:03:27,2020-01-01 00:04:26,0.0006482292665168643,0.309247864144189,0,0.6733345748271261
208,208,267,2020-01-01 00:03:28,2020-01-01 00:04:27,0.0006612157449126244,0.31990510225296015,0,0.6733345748271261
209,209,268,2020-01-01 00:03:29,2020-01-01 00:04:28,0.0006668579881079495,0.323457441159657,0,0.6733345748271261
210,210,269,2020-01-01 00:03:30,2020-01-01 00:04:29,0.0006640251958742738,0.32262040036065237,0,0.6733345748271261
211,211,270,2020-01-01 00:03:31,2020-01-01 00:04:30,0.0006504768971353769,0.31974831223487854,0,0.6733345748271261
212,212,271,2020-01-01 00:03:32,2020-01-01 00:04:31,0.0006244571413844824,0.31387793592044283,0,0.6733345748271261
213,213,272,2020-01-01 00:03:33,2020-01-01 00:04:32,0.0006032921955920756,0.3080794853823525,0,0.6733345748271261
214,214,273,2020-01-01 00:03:34,2020-01-01 00:04:33,0.0005821952945552766,0.2996154640402112,0,0.6733345748271261
215,215,274,2020-01-01 00:03:35,2020-01-01 00:04:34,0.0005620468291454017,0.28970916356359205,0,0.6733345748271261
216,216,275,2020-01-01 00:03:36,2020-01-01 00:04:35,0.0005498640821315348,0.2836815501962389,0,0.6733345748271261
217,217,276,2020-01-01 00:03:37,2020-01-01 00:04:36,0.0005359376664273441,0.2785880948816027,0,0.6733345748271261
218,218,277,2020-01-01 00:03:38,2020-01-01 00:04:37,0.0005205892957746983,0.27398179684366497,0,0.6733345748271261
219,219,278,2020-01-01 00:03:39,2020-01-01 00:04:38,0.0005116348620504141,0.2696169487067631,0,0.6733345748271261
220,220,279,2020-01-01 00:03:40,2020-01-01 00:04:39,0.0005014044581912458,0.26515503440584454,0,0.6733345748271261
221,221,280,2020-01-01 00:03:41,2020-01-01 00:04:40,0.0004894258454442024,0.2625692486763,0,0.6733345748271261
222,222,281,2020-01-01 00:03:42,2020-01-01 00:04:41,0.0004759331641253084,0.26328923872538973,0,0.6733345748271261
223,223,282,2020-01-01 00:03:43,2020-01-01 00:04:42,0.0004712869704235345,0.2644145914486476,0,0.6733345748271261
224,224,283,2020-01-01 00:03:44,2020-01-01 00:04:43,0.0004752744280267507,0.2647264897823334,0,0.6733345748271261
225,225,284,2020-01-01 00:03:45,2020-01-01 00:04:44,0.00048356305342167616,0.26559426103319433,0,0.6733345748271261
226,226,285,2020-01-01 00:03:46,2020-01-01 00:04:45,0.0004926139954477549,0.268779741866248,0,0.6733345748271261
227,227,286,2020-01-01 00:03:47,2020-01-01 00:04:46,0.0004969128058291972,0.2709314908300127,0,0.6733345748271261
228,228,287,2020-01-01 00:03:48,2020-01-01 00:04:47,0.0005058186361566186,0.27156523721558706,0,0.6733345748271261
229,229,288,2020-01-01 00:03:49,2020-01-01 00:04:48,0.0005228221998549998,0.26945091996874126,0,0.6733345748271261
230,230,289,2020-01-01 00:03:50,2020-01-01 00:04:49,0.0005399965448305011,0.26585941655295237,0,0.6733345748271261
231,231,290,2020-01-01 00:03:51,2020-01-01 00:04:50,0.0005585385952144861,0.2633264831134251,0,0.6733345748271261
232,232,291,2020-01-01 00:03:52,2020-01-01 00:04:51,0.0005751813296228647,0.261760379586901,0,0.6733345748271261
233,233,292,2020-01-01 00:03:53,2020-01-01 00:04:52,0.0005938482936471701,0.25981163127081736,0,0.6733345748271261
234,234,293,2020-01-01 00:03:54,2020-01-01 00:04:53,0.0006121305632404983,0.25841930934361046,0,0.6733345748271261
235,235,294,2020-01-01 00:03:55,2020-01-01 00:04:54,0.0006385447341017425,0.2578647690159934,0,0.6733345748271261
236,236,295,2020-01-01 00:03:56,2020-01-01 00:04:55,0.0006716742645949125,0.25815582701138085,0,0.6733345748271261
237,237,296,2020-01-01 00:03:57,2020-01-01 00:04:56,0.0007088410202413797,0.26113324080194744,0,0.6733345748271261
238,238,297,2020-01-01 00:03:58,2020-01-01 00:04:57,0.0007489487761631608,0.265623037304197,0,0.6733345748271261
239,239,298,2020-01-01 00:03:59,2020-01-01 00:04:58,0.0007875743904151022,0.2717720695904323,0,0.6733345748271261
240,240,299,2020-01-01 00:04:00,2020-01-01 00:04:59,0.0008133832016028464,0.2792247576372964,0,0.6733345748271261
241,241,300,2020-01-01 00:04:01,2020-01-01 00:05:00,0.0008386194822378457,0.28946609582219807,0,0.6733345748271261
242,242,301,2020-01-01 00:04:02,2020-01-01 00:05:01,0.0008647220092825592,0.300996299300875,0,0.6733345748271261
243,243,302,2020-01-01 00:04:03,2020-01-01 00:05:02,0.0008850186131894588,0.3129179690565381,0,0.6733345748271261
244,244,303,2020-01-01 00:04:04,2020-01-01 00:05:03,0.0008916959050111473,0.3218911077295031,0,0.6733345748271261
245,245,304,2020-01-01 00:04:05,2020-01-01 00:05:04,0.0008914876380003989,0.3285733078207288,0,0.6733345748271261
246,246,305,2020-01-01 00:04:06,2020-01-01 00:05:05,0.0008802756783552468,0.3319857631410871,0,0.6733345748271261
247,247,306,2020-01-01 00:04:07,2020-01-01 00:05:06,0.0008618512074463069,0.3326218255928584,0,0.6733345748271261
248,248,307,2020-01-01 00:04:08,2020-01-01 00:05:07,0.0008360714418813586,0.3299028192247663,0,0.6733345748271261
249,249,308,2020-01-01 00:04:09,2020-01-01 00:05:08,0.0008129010675475001,0.3254367879458836,0,0.6733345748271261
250,250,309,2020-01-01 00:04:10,2020-01-01 00:05:09,0.0007925293757580221,0.3200996731008802,0,0.6733345748271261
251,251,310,2020-01-01 00:04:11,2020-01-01 00:05:10,0.0007752132369205356,0.31537255219050814,0,0.6733345748271261
252,252,311,2020-01-01 00:04:12,2020-01-01 00:05:11,0.0007616552757099271,0.3122141574110303,0,0.6733345748271261
253,253,312,2020-01-01 00:04:13,2020-01-01 00:05:12,0.0007512522279284894,0.3103119305201939,0,0.6733345748271261
254,254,313,2020-01-01 00:04:14,2020-01-01 00:05:13,0.0007447588141076267,0.3093276023864746,0,0.6733345748271261
255,255,314,2020-01-01 00:04:15,2020-01-01 00:05:14,0.0007411076803691685,0.30831020644732887,0,0.6733345748271261
256,256,315,2020-01-01 00:04:16,2020-01-01 00:05:15,0.0007391583640128374,0.3069658066545214,0,0.6733345748271261
257,257,316,2020-01-01 00:04:17,2020-01-01 00:05:16,0.0007369524100795388,0.30513844745499746,0,0.6733345748271261
258,258,317,2020-01-01 00:04:18,2020-01-01 00:05:17,0.0007340957527048886,0.3029839439051492,0,0.6733345748271261
259,259,318,2020-01-01 00:04:19,2020-01-01 00:05:18,0.0007286015315912664,0.29972182852881296,0,0.6733345748271261
260,260,319,2020-01-01 00:04:20,2020-01-01 00:05:19,0.000719700416084379,0.29522740840911865,0,0.6733345748271261
261,261,320,2020-01-01 00:04:21,2020-01-01 00:05:20,0.000709471118170768,0.28925192781857084,0,0.6733345748271261
262,262,321,2020-01-01 00:04:22,2020-01-01 00:05:21,0.0006932511460036039,0.2816614721502576,0,0.6733345748271261
263,263,322,2020-01-01 00:04:23,2020-01-01 00:05:22,0.000671007321216166,0.27853685191699434,0,0.6733345748271261
264,264,323,2020-01-01 00:04:24,2020-01-01 00:05:23,0.0006426758482120931,0.2754185199737549,0,0.6733345748271261
265,265,324,2020-01-01 00:04:25,2020-01-01 00:05:24,0.0006090500392019749,0.2705209255218506,0,0.6733345748271261
266,266,325,2020-01-01 00:04:26,2020-01-01 00:05:25,0.0005849855369888246,0.2646923576082502,0,0.6733345748271261
267,267,326,2020-01-01 00:04:27,2020-01-01 00:05:26,0.0005596747505478561,0.25903284549713135,0,0.6733345748271261
268,268,327,2020-01-01 00:04:28,2020-01-01 00:05:27,0.0005292810965329409,0.2542034728186471,0,0.6733345748271261
269,269,328,2020-01-01 00:04:29,2020-01-01 00:05:28,0.0004999615484848619,0.2501720573220934,0,0.6733345748271261
270,270,329,2020-01-01 00:04:30,2020-01-01 00:05:29,0.0004735761322081089,0.24297282312597546,0,0.6733345748271261
271,271,330,2020-01-01 00:04:31,2020-01-01 00:05:30,0.00045191042590886354,0.23448791674205235,0,0.6733345748271261
272,272,331,2020-01-01 00:04:32,2020-01-01 00:05:31,0.0004338691651355475,0.22621119448116844,0,0.6733345748271261
273,273,332,2020-01-01 00:04:33,2020-01-01 00:05:32,0.00042452174238860607,0.219956276672227,0,0.6733345748271261
274,274,333,2020-01-01 00:04:34,2020-01-01 00:05:33,0.00041464815149083734,0.2147897843803678,0,0.6733345748271261
275,275,334,2020-01-01 00:04:35,2020-01-01 00:05:34,0.00040969651308842003,0.21158918951238903,0,0.6733345748271261
276,276,335,2020-01-01 00:04:36,2020-01-01 00:05:35,0.00041318716830573976,0.21164495817252565,0,0.6733345748271261
277,277,336,2020-01-01 00:04:37,2020-01-01 00:05:36,0.0004268801130820066,0.21465292998722618,0,0.6733345748271261
278,278,337,2020-01-01 00:04:38,2020-01-01 00:05:37,0.00045096268877387047,0.22202958592346733,0,0.6733345748271261
279,279,338,2020-01-01 00:04:39,2020-01-01 00:05:38,0.0004838647146243602,0.23329602181911466,0,0.6733345748271261
280,280,339,2020-01-01 00:04:40,2020-01-01 00:05:39,0.0005250318208709359,0.2475595474243164,0,0.6733345748271261
281,281,340,2020-01-01 00:04:41,2020-01-01 00:05:40,0.0005715680890716612,0.26545089057513643,0,0.6733345748271261
282,282,341,2020-01-01 00:04:42,2020-01-01 00:05:41,0.0006232190644368529,0.2859057741505759,0,0.6733345748271261
283,283,342,2020-01-01 00:04:43,2020-01-01 00:05:42,0.0006760756368748844,0.3087039760180882,0,0.6733345748271261
284,284,343,2020-01-01 00:04:44,2020-01-01 00:05:43,0.0007261073333211243,0.32991086585181095,0,0.6733345748271261
285,285,344,2020-01-01 00:04:45,2020-01-01 00:05:44,0.0007725417381152511,0.352144752229963,0,0.6733345748271261
286,286,345,2020-01-01 00:04:46,2020-01-01 00:05:45,0.0008130727801471949,0.3749330299241202,0,0.6733345748271261
287,287,346,2020-01-01 00:04:47,2020-01-01 00:05:46,0.0008449273882433772,0.3972540199756622,0,0.6733345748271261
288,288,347,2020-01-01 00:04:48,2020-01-01 00:05:47,0.0008747134124860168,0.4168403829847063,0,0.6733345748271261
289,289,348,2020-01-01 00:04:49,2020-01-01 00:05:48,0.0008916727383621037,0.4333705731800624,0,0.6733345748271261
290,290,349,2020-01-01 00:04:50,2020-01-01 00:05:49,0.0009046746417880058,0.44590635384832106,0,0.6733345748271261
291,291,350,2020-01-01 00:04:51,2020-01-01 00:05:50,0.0009053163230419159,0.4562008253165653,0,0.6733345748271261
292,292,351,2020-01-01 00:04:52,2020-01-01 00:05:51,0.0008979126578196883,0.4629528905664171,0,0.6733345748271261
293,293,352,2020-01-01 00:04:53,2020-01-01 00:05:52,0.000891194969881326,0.4653145628316061,0,0.6733345748271261
294,294,353,2020-01-01 00:04:54,2020-01-01 00:05:53,0.000882992462720722,0.4610790269715445,0,0.6733345748271261
295,295,354,2020-01-01 00:04:55,2020-01-01 00:05:54,0.0008704675710760057,0.4536464725221906,0,0.6733345748271261
296,296,355,2020-01-01 00:04:56,2020-01-01 00:05:55,0.0008485087309964001,0.4361524326460702,0,0.6733345748271261
297,297,356,2020-01-01 00:04:57,2020-01-01 00:05:56,0.0008208243525587022,0.4147804720061165,0,0.6733345748271261
298,298,357,2020-01-01 00:04:58,2020-01-01 00:05:57,0.0007831558468751609,0.3894464756761278,0,0.6733345748271261
299,299,358,2020-01-01 00:04:59,2020-01-01 00:05:58,0.0007409022655338049,0.36172225219862797,0,0.6733345748271261
300,300,359,2020-01-01 00:05:00,2020-01-01 00:05:59,0.0007161255343817174,0.33086043383393965,0,0.6733345748271261
301,301,360,2020-01-01 00:05:01,2020-01-01 00:06:00,0.0006991664413362741,0.3019000674997057,0,0.6733345748271261
302,302,361,2020-01-01 00:05:02,2020-01-01 00:06:01,0.0006868551135994494,0.2751974931785039,0,0.6733345748271261
303,303,362,2020-01-01 00:05:03,2020-01-01 00:06:02,0.0006766068981960416,0.2576169605766024,0,0.6733345748271261
304,304,363,2020-01-01 00:05:04,2020-01-01 00:06:03,0.0006820817943662405,0.2430661448410579,0,0.6733345748271261
305,305,364,2020-01-01 00:05:05,2020-01-01 00:06:04,0.0006992044509388506,0.23198459403855462,0,0.6733345748271261
306,306,365,2020-01-01 00:05:06,2020-01-01 00:06:05,0.0007136458880268037,0.22326131377901348,0,0.6733345748271261
307,307,366,2020-01-01 00:05:07,2020-01-01 00:06:06,0.0007250076159834862,0.22065721239362446,0,0.6733345748271261
308,308,367,2020-01-01 00:05:08,2020-01-01 00:06:07,0.0007328459178097546,0.22176512011459895,0,0.6733345748271261
309,309,368,2020-01-01 00:05:09,2020-01-01 00:06:08,0.000737652531825006,0.22448786241667612,0,0.6733345748271261
310,310,369,2020-01-01 00:05:10,2020-01-01 00:06:09,0.0007430030382238328,0.22891860135963985,0,0.6733345748271261
311,311,370,2020-01-01 00:05:11,2020-01-01 00:06:10,0.00074830959783867,0.23511279480797903,0,0.6733345748271261
312,312,371,2020-01-01 00:05:12,2020-01-01 00:06:11,0.0007535566110163927,0.24286084941455294,0,0.6733345748271261
313,313,372,2020-01-01 00:05:13,2020-01-01 00:06:12,0.0007584477425552905,0.251174977847508,0,0.6733345748271261
314,314,373,2020-01-01 00:05:14,2020-01-01 00:06:13,0.0007625813013873994,0.2584774898631232,0,0.6733345748271261
315,315,374,2020-01-01 00:05:15,2020-01-01 00:06:14,0.000761516741476953,0.26305791097027914,0,0.6733345748271261
316,316,375,2020-01-01 00:05:16,2020-01-01 00:06:15,0.000755908084101975,0.26645699994904654,0,0.6733345748271261
317,317,376,2020-01-01 00:05:17,2020-01-01 00:06:16,0.0007466049864888191,0.2677672377654484,0,0.6733345748271261
318,318,377,2020-01-01 00:05:18,2020-01-01 00:06:17,0.0007352115353569388,0.26800255690302166,0,0.6733345748271261
319,319,378,2020-01-01 00:05:19,2020-01-01 00:06:18,0.0007233716314658523,0.26726941977228436,0,0.6733345748271261
320,320,379,2020-01-01 00:05:20,2020-01-01 00:06:19,0.0007099509239196777,0.2626010669129235,0,0.6733345748271261
321,321,380,2020-01-01 00:05:21,2020-01-01 00:06:20,0.0007005510851740837,0.2592832169362477,0,0.6733345748271261
322,322,381,2020-01-01 00:05:22,2020-01-01 00:06:21,0.0006901158485561609,0.25250696071556633,0,0.6733345748271261
323,323,382,2020-01-01 00:05:23,2020-01-01 00:06:22,0.000677417207043618,0.24730804988316124,0,0.6733345748271261
324,324,383,2020-01-01 00:05:24,2020-01-01 00:06:23,0.0006644749082624912,0.2441991354737963,0,0.6733345748271261
325,325,384,2020-01-01 00:05:25,2020-01-01 00:06:24,0.0006511273677460849,0.24180647517953596,0,0.6733345748271261
326,326,385,2020-01-01 00:05:26,2020-01-01 00:06:25,0.0006464686011895537,0.24080323534352435,0,0.6733345748271261
327,327,386,2020-01-01 00:05:27,2020-01-01 00:06:26,0.0006447078194469213,0.2439971566200256,0,0.6733345748271261
328,328,387,2020-01-01 00:05:28,2020-01-01 00:06:27,0.0006419523269869387,0.24766050492014202,0,0.6733345748271261
329,329,388,2020-01-01 00:05:29,2020-01-01 00:06:28,0.0006396530661731958,0.25729454840932575,0,0.6733345748271261
330,330,389,2020-01-01 00:05:30,2020-01-01 00:06:29,0.0006363973952829838,0.26514436730316704,0,0.6733345748271261
331,331,390,2020-01-01 00:05:31,2020-01-01 00:06:30,0.0006316741928458214,0.2698434059109006,0,0.6733345748271261
332,332,391,2020-01-01 00:05:32,2020-01-01 00:06:31,0.000624279782641679,0.27157627258981976,0,0.6733345748271261
333,333,392,2020-01-01 00:05:33,2020-01-01 00:06:32,0.0006132064154371619,0.27012477815151215,0,0.6733345748271261
334,334,393,2020-01-01 00:05:34,2020-01-01 00:06:33,0.0005985504831187427,0.2664804054158074,0,0.6733345748271261
335,335,394,2020-01-01 00:05:35,2020-01-01 00:06:34,0.0005829919828101993,0.25920029623167856,0,0.6733345748271261
336,336,395,2020-01-01 00:05:36,2020-01-01 00:06:35,0.0005679511232301593,0.24880279600620264,0,0.6733345748271261
337,337,396,2020-01-01 00:05:37,2020-01-01 00:06:36,0.000553273712284863,0.23672953886645176,0,0.6733345748271261
338,338,397,2020-01-01 00:05:38,2020-01-01 00:06:37,0.000540897308383137,0.2249223057712827,0,0.6733345748271261
339,339,398,2020-01-01 00:05:39,2020-01-01 00:06:38,0.0005300281336531043,0.21388630356107435,0,0.6733345748271261
340,340,399,2020-01-01 00:05:40,2020-01-01 00:06:39,0.000522702292073518,0.20373891719749995,0,0.6733345748271261
341,341,400,2020-01-01 00:05:41,2020-01-01 00:06:40,0.000517766980919987,0.19494086716856274,0,0.6733345748271261
342,342,401,2020-01-01 00:05:42,2020-01-01 00:06:41,0.0005169371725060046,0.18815904642854417,0,0.6733345748271261
343,343,402,2020-01-01 00:05:43,2020-01-01 00:06:42,0.000519868335686624,0.1847522280045918,0,0.6733345748271261
344,344,403,2020-01-01 00:05:44,2020-01-01 00:06:43,0.0005268250242806971,0.18476511750902444,0,0.6733345748271261
345,345,404,2020-01-01 00:05:45,2020-01-01 00:06:44,0.0005379903013817966,0.18954922684601375,0,0.6733345748271261
346,346,405,2020-01-01 00:05:46,2020-01-01 00:06:45,0.0005528496112674475,0.19886725076607295,0,0.6733345748271261
347,347,406,2020-01-01 00:05:47,2020-01-01 00:06:46,0.0005714954459108412,0.21027798099177225,0,0.6733345748271261
348,348,407,2020-01-01 00:05:48,2020-01-01 00:06:47,0.000593174307141453,0.2228095808199474,0,0.6733345748271261
349,349,408,2020-01-01 00:05:49,2020-01-01 00:06:48,0.0006154045695438981,0.2346576239381518,0,0.6733345748271261
350,350,409,2020-01-01 00:05:50,2020-01-01 00:06:49,0.000633822288364172,0.24462602181094034,0,0.6733345748271261
351,351,410,2020-01-01 00:05:51,2020-01-01 00:06:50,0.0006525973440147936,0.25110032515866415,0,0.6733345748271261
352,352,411,2020-01-01 00:05:52,2020-01-01 00:06:51,0.0006653348682448268,0.25261662900447845,0,0.6733345748271261
353,353,412,2020-01-01 00:05:53,2020-01-01 00:06:52,0.0006692522438243032,0.24734418307031902,0,0.6733345748271261
354,354,413,2020-01-01 00:05:54,2020-01-01 00:06:53,0.0006633251323364675,0.23696773818561007,0,0.6733345748271261
355,355,414,2020-01-01 00:05:55,2020-01-01 00:06:54,0.0006438737618736923,0.22034383245876854,0,0.6733345748271261
356,356,415,2020-01-01 00:05:56,2020-01-01 00:06:55,0.0006069109076634049,0.2006739122526986,0,0.6733345748271261
357,357,416,2020-01-01 00:05:57,2020-01-01 00:06:56,0.0005652752006426454,0.179467251258237,0,0.6733345748271261
358,358,417,2020-01-01 00:05:58,2020-01-01 00:06:57,0.0005177500424906611,0.15987417740481238,0,0.6733345748271261
359,359,418,2020-01-01 00:05:59,2020-01-01 00:06:58,0.0004838445456698537,0.141732428755079,0,0.6733345748271261
360,360,419,2020-01-01 00:06:00,2020-01-01 00:06:59,0.0004598431696649641,0.12771331731762203,0,0.6733345748271261
361,361,420,2020-01-01 00:06:01,2020-01-01 00:07:00,0.00043993309373036027,0.11836441393409457,0,0.6733345748271261
362,362,421,2020-01-01 00:06:02,2020-01-01 00:07:01,0.00042441784171387553,0.11487851079021182,0,0.6733345748271261
363,363,422,2020-01-01 00:06:03,2020-01-01 00:07:02,0.0004129241860937327,0.11620229589087622,0,0.6733345748271261
364,364,423,2020-01-01 00:06:04,2020-01-01 00:07:03,0.0004102589446119964,0.1203479575259345,0,0.6733345748271261
365,365,424,2020-01-01 00:06:05,2020-01-01 00:07:04,0.0004052571894135326,0.1260905255164419,0,0.6733345748271261
366,366,425,2020-01-01 00:06:06,2020-01-01 00:07:05,0.00041206207242794335,0.13499309867620468,0,0.6733345748271261
367,367,426,2020-01-01 00:06:07,2020-01-01 00:07:06,0.00042575900442898273,0.14670906322343008,0,0.6733345748271261
368,368,427,2020-01-01 00:06:08,2020-01-01 00:07:07,0.0004440562042873353,0.1612017112118857,0,0.6733345748271261
369,369,428,2020-01-01 00:06:09,2020-01-01 00:07:08,0.00047079913201741874,0.17949174770287102,0,0.6733345748271261
370,370,429,2020-01-01 00:06:10,2020-01-01 00:07:09,0.0004983956459909678,0.20070321006434305,0,0.6733345748271261
371,371,430,2020-01-01 00:06:11,2020-01-01 00:07:10,0.0005250076064839959,0.23087430638926368,0,0.6733345748271261
372,372,431,2020-01-01 00:06:12,2020-01-01 00:07:11,0.0005510745104402304,0.2630968136446817,0,0.6733345748271261
373,373,432,2020-01-01 00:06:13,2020-01-01 00:07:12,0.0005751146818511188,0.29483976321560995,0,0.6733345748271261
374,374,433,2020-01-01 00:06:14,2020-01-01 00:07:13,0.0006082141771912575,0.3267017432621547,0,0.6733345748271261
375,375,434,2020-01-01 00:06:15,2020-01-01 00:07:14,0.0006469470099546015,0.3593049304825919,0,0.6733345748271261
376,376,435,2020-01-01 00:06:16,2020-01-01 00:07:15,0.0006913074757903814,0.39018385750906803,0,0.6733345748271261
377,377,436,2020-01-01 00:06:17,2020-01-01 00:07:16,0.0007407478988170624,0.4185387321880885,0,0.6733345748271261
378,378,437,2020-01-01 00:06:18,2020-01-01 00:07:17,0.0007907995022833347,0.43965691328048706,0,0.6733345748271261
379,379,438,2020-01-01 00:06:19,2020-01-01 00:07:18,0.0008337170002050698,0.4594138264656067,0,0.6733345748271261
380,380,439,2020-01-01 00:06:20,2020-01-01 00:07:19,0.0008678492740727961,0.475994804075786,0,0.6733345748271261
381,381,440,2020-01-01 00:06:21,2020-01-01 00:07:20,0.0008920168620534241,0.4897652651582445,0,0.6733345748271261
382,382,441,2020-01-01 00:06:22,2020-01-01 00:07:21,0.0009061064338311553,0.4982282434191022,0,0.6733345748271261
383,383,442,2020-01-01 00:06:23,2020-01-01 00:07:22,0.0009140740730799735,0.5020043253898621,0,0.6733345748271261
384,384,443,2020-01-01 00:06:24,2020-01-01 00:07:23,0.0009284396073780954,0.5031452093805586,0,0.6733345748271261
385,385,444,2020-01-01 00:06:25,2020-01-01 00:07:24,0.0009381389245390892,0.5005606029714856,0,0.6733345748271261
386,386,445,2020-01-01 00:06:26,2020-01-01 00:07:25,0.000942239654250443,0.49463791080883573,0,0.6733345748271261
387,387,446,2020-01-01 00:06:27,2020-01-01 00:07:26,0.0009487787610851228,0.4878429472446442,0,0.6733345748271261
388,388,447,2020-01-01 00:06:28,2020-01-01 00:07:27,0.0009507150389254093,0.47844234108924866,0,0.6733345748271261
389,389,448,2020-01-01 00:06:29,2020-01-01 00:07:28,0.0009479998843744397,0.4695851845400674,0,0.6733345748271261
390,390,449,2020-01-01 00:06:30,2020-01-01 00:07:29,0.0009392249630764127,0.4616899532931192,0,0.6733345748271261
391,391,450,2020-01-01 00:06:31,2020-01-01 00:07:30,0.0009256881312467158,0.4535959150109973,0,0.6733345748271261
392,392,451,2020-01-01 00:06:32,2020-01-01 00:07:31,0.0009184603695757687,0.4446029833384923,0,0.6733345748271261
393,393,452,2020-01-01 00:06:33,2020-01-01 00:07:32,0.0009125805809162557,0.43406680652073454,0,0.6733345748271261
394,394,453,2020-01-01 00:06:34,2020-01-01 00:07:33,0.0009080408490262926,0.42228613580976215,0,0.6733345748271261
395,395,454,2020-01-01 00:06:35,2020-01-01 00:07:34,0.0008921099943108857,0.40952958805220463,0,0.6733345748271261
396,396,455,2020-01-01 00:06:36,2020-01-01 00:07:35,0.0008714848663657904,0.39452018482344486,0,0.6733345748271261
397,397,456,2020-01-01 00:06:37,2020-01-01 00:07:36,0.000846671755425632,0.37796713198934273,0,0.6733345748271261
398,398,457,2020-01-01 00:06:38,2020-01-01 00:07:37,0.0008212946122512221,0.35986437542097904,0,0.6733345748271261
399,399,458,2020-01-01 00:06:39,2020-01-01 00:07:38,0.0007944087265059352,0.3412235251494816,0,0.6733345748271261
400,400,459,2020-01-01 00:06:40,2020-01-01 00:07:39,0.0007661822601221502,0.3228602196489061,0,0.6733345748271261
401,401,460,2020-01-01 00:06:41,2020-01-01 00:07:40,0.0007351295207627118,0.30490246415138245,0,0.6733345748271261
402,402,461,2020-01-01 00:06:42,2020-01-01 00:07:41,0.0007026646635495126,0.28832492232322693,0,0.6733345748271261
403,403,462,2020-01-01 00:06:43,2020-01-01 00:07:42,0.0006681745871901512,0.27216738036700655,0,0.6733345748271261
404,404,463,2020-01-01 00:06:44,2020-01-01 00:07:43,0.000632762850727886,0.2563574888876506,0,0.6733345748271261
405,405,464,2020-01-01 00:06:45,2020-01-01 00:07:44,0.0005956822424195707,0.24111289850303103,0,0.6733345748271261
406,406,465,2020-01-01 00:06:46,2020-01-01 00:07:45,0.0005605839542113245,0.22644043607371192,0,0.6733345748271261
407,407,466,2020-01-01 00:06:47,2020-01-01 00:07:46,0.0005287880776450038,0.2126376437289374,0,0.6733345748271261
408,408,467,2020-01-01 00:06:48,2020-01-01 00:07:47,0.0005012964829802513,0.200020038655826,0,0.6733345748271261
409,409,468,2020-01-01 00:06:49,2020-01-01 00:07:48,0.0004780010203830898,0.18779219261237554,0,0.6733345748271261
410,410,469,2020-01-01 00:06:50,2020-01-01 00:07:49,0.0004599267849698663,0.17705265964780534,0,0.6733345748271261
411,411,470,2020-01-01 00:06:51,2020-01-01 00:07:50,0.0004471359134186059,0.16865982541016167,0,0.6733345748271261
412,412,471,2020-01-01 00:06:52,2020-01-01 00:07:51,0.00043994755833409727,0.1627442091703415,0,0.6733345748271261
413,413,472,2020-01-01 00:06:53,2020-01-01 00:07:52,0.00043871469097211957,0.1592204677207129,0,0.6733345748271261
414,414,473,2020-01-01 00:06:54,2020-01-01 00:07:53,0.00044294993858784437,0.15854196037564958,0,0.6733345748271261
415,415,474,2020-01-01 00:06:55,2020-01-01 00:07:54,0.0004524007090367377,0.16018487300191606,0,0.6733345748271261
416,416,475,2020-01-01 00:06:56,2020-01-01 00:07:55,0.00046394503442570567,0.16397365927696228,0,0.6733345748271261
417,417,476,2020-01-01 00:06:57,2020-01-01 00:07:56,0.0004775956622324884,0.1698105867419924,0,0.6733345748271261
418,418,477,2020-01-01 00:06:58,2020-01-01 00:07:57,0.0004902062937617302,0.17643570048468454,0,0.6733345748271261
419,419,478,2020-01-01 00:06:59,2020-01-01 00:07:58,0.0005000242963433266,0.18287405371665955,0,0.6733345748271261
420,420,479,2020-01-01 00:07:00,2020-01-01 00:07:59,0.000506729120388627,0.18866960917200362,0,0.6733345748271261
421,421,480,2020-01-01 00:07:01,2020-01-01 00:08:00,0.0005081026465632021,0.19254390469619206,0,0.6733345748271261
422,422,481,2020-01-01 00:07:02,2020-01-01 00:08:01,0.0005039203679189086,0.19433525843279703,0,0.6733345748271261
423,423,482,2020-01-01 00:07:03,2020-01-01 00:08:02,0.0004943934618495405,0.1936564381633486,0,0.6733345748271261
424,424,483,2020-01-01 00:07:04,2020-01-01 00:08:03,0.00047928153071552515,0.19025103322097234,0,0.6733345748271261
425,425,484,2020-01-01 00:07:05,2020-01-01 00:08:04,0.000459951173979789,0.18444211142403738,0,0.6733345748271261
426,426,485,2020-01-01 00:07:06,2020-01-01 00:08:05,0.0004368079244159162,0.17792390074048722,0,0.6733345748271261
427,427,486,2020-01-01 00:07:07,2020-01-01 00:08:06,0.00041142976260744035,0.17060150844710212,0,0.6733345748271261
428,428,487,2020-01-01 00:07:08,2020-01-01 00:08:07,0.0003854527312796563,0.16509744950703212,0,0.6733345748271261
429,429,488,2020-01-01 00:07:09,2020-01-01 00:08:08,0.00036390978493727744,0.1571551603930337,0,0.6733345748271261
430,430,489,2020-01-01 00:07:10,2020-01-01 00:08:09,0.0003455426194705069,0.1466288524014609,0,0.6733345748271261
431,431,490,2020-01-01 00:07:11,2020-01-01 00:08:10,0.0003325569268781692,0.1377047768660954,0,0.6733345748271261
432,432,491,2020-01-01 00:07:12,2020-01-01 00:08:11,0.0003238222561776638,0.1321092482124056,0,0.6733345748271261
433,433,492,2020-01-01 00:07:13,2020-01-01 00:08:12,0.0003255051269661635,0.12765660881996155,0,0.6733345748271261
434,434,493,2020-01-01 00:07:14,2020-01-01 00:08:13,0.00033871334744617343,0.12559067351477488,0,0.6733345748271261
435,435,494,2020-01-01 00:07:15,2020-01-01 00:08:14,0.00036019369144923985,0.12414308318070003,0,0.6733345748271261
436,436,495,2020-01-01 00:07:16,2020-01-01 00:08:15,0.0003866850456688553,0.12823439283030375,0,0.6733345748271261
437,437,496,2020-01-01 00:07:17,2020-01-01 00:08:16,0.0004188201855868101,0.13700219775949207,0,0.6733345748271261
438,438,497,2020-01-01 00:07:18,2020-01-01 00:08:17,0.00045476117520593107,0.14647772908210754,0,0.6733345748271261
439,439,498,2020-01-01 00:07:19,2020-01-01 00:08:18,0.0004893147270195186,0.1551999534879412,0,0.6733345748271261
440,440,499,2020-01-01 00:07:20,2020-01-01 00:08:19,0.0005223189946264029,0.16608342315469468,0,0.6733345748271261
441,441,500,2020-01-01 00:07:21,2020-01-01 00:08:20,0.0005544716841541231,0.17789916481290544,0,0.6733345748271261
442,442,501,2020-01-01 00:07:22,2020-01-01 00:08:21,0.0005830622976645827,0.1910461187362671,0,0.6733345748271261
443,443,502,2020-01-01 00:07:23,2020-01-01 00:08:22,0.000608969887252897,0.2044866510799953,0,0.6733345748271261
444,444,503,2020-01-01 00:07:24,2020-01-01 00:08:23,0.00062959996284917,0.21921626584870474,0,0.6733345748271261
445,445,504,2020-01-01 00:07:25,2020-01-01 00:08:24,0.0006502444157376885,0.23476469729627883,0,0.6733345748271261
446,446,505,2020-01-01 00:07:26,2020-01-01 00:08:25,0.0006663480307906866,0.2505950501986912,0,0.6733345748271261
447,447,506,2020-01-01 00:07:27,2020-01-01 00:08:26,0.0006776429945603013,0.26298012903758455,0,0.6733345748271261
448,448,507,2020-01-01 00:07:28,2020-01-01 00:08:27,0.0006845453754067421,0.2725222940955843,0,0.6733345748271261
449,449,508,2020-01-01 00:07:29,2020-01-01 00:08:28,0.0006832504295744002,0.27663728169032503,0,0.6733345748271261
450,450,509,2020-01-01 00:07:30,2020-01-01 00:08:29,0.0006752667250111699,0.2770003506115504,0,0.6733345748271261
451,451,510,2020-01-01 00:07:31,2020-01-01 00:08:30,0.0006620248896069825,0.27040553092956543,0,0.6733345748271261
452,452,511,2020-01-01 00:07:32,2020-01-01 00:08:31,0.0006357751553878188,0.2594342189175742,0,0.6733345748271261
453,453,512,2020-01-01 00:07:33,2020-01-01 00:08:32,0.0006023895693942904,0.24437106081417626,0,0.6733345748271261
454,454,513,2020-01-01 00:07:34,2020-01-01 00:08:33,0.0005622522439807653,0.22764538228511808,0,0.6733345748271261
455,455,514,2020-01-01 00:07:35,2020-01-01 00:08:34,0.0005317920004017651,0.2094981734241758,0,0.6733345748271261
456,456,515,2020-01-01 00:07:36,2020-01-01 00:08:35,0.0005057383677922189,0.19163847821099417,0,0.6733345748271261
457,457,516,2020-01-01 00:07:37,2020-01-01 00:08:36,0.0004854406288359314,0.1733648202248982,0,0.6733345748271261
458,458,517,2020-01-01 00:07:38,2020-01-01 00:08:37,0.00046970066614449024,0.15966020098754338,0,0.6733345748271261
459,459,518,2020-01-01 00:07:39,2020-01-01 00:08:38,0.00045896839583292603,0.14669536160571234,0,0.6733345748271261
460,460,519,2020-01-01 00:07:40,2020-01-01 00:08:39,0.0004536233318503946,0.13721605177436555,0,0.6733345748271261
461,461,520,2020-01-01 00:07:41,2020-01-01 00:08:40,0.00045692286221310496,0.12886816263198853,0,0.6733345748271261
462,462,521,2020-01-01 00:07:42,2020-01-01 00:08:41,0.00046402806765399873,0.12295269008193696,0,0.6733345748271261
463,463,522,2020-01-01 00:07:43,2020-01-01 00:08:42,0.0004757228889502585,0.12048452347517012,0,0.6733345748271261
464,464,523,2020-01-01 00:07:44,2020-01-01 00:08:43,0.0004923776723444462,0.12082440193210328,0,0.6733345748271261
465,465,524,2020-01-01 00:07:45,2020-01-01 00:08:44,0.0005173757090233266,0.12243766124759402,0,0.6733345748271261
466,466,525,2020-01-01 00:07:46,2020-01-01 00:08:45,0.000547897070646286,0.12768386730125972,0,0.6733345748271261
467,467,526,2020-01-01 00:07:47,2020-01-01 00:08:46,0.0005771199939772487,0.1335058297429766,0,0.6733345748271261
468,468,527,2020-01-01 00:07:48,2020-01-01 00:08:47,0.0006033171666786075,0.14163397571870256,0,0.6733345748271261
469,469,528,2020-01-01 00:07:49,2020-01-01 00:08:48,0.0006298049702309072,0.15012961838926586,0,0.6733345748271261
470,470,529,2020-01-01 00:07:50,2020-01-01 00:08:49,0.0006522608455270529,0.15810789380754742,0,0.6733345748271261
471,471,530,2020-01-01 00:07:51,2020-01-01 00:08:50,0.0006692790193483233,0.16564279368945528,0,0.6733345748271261
472,472,531,2020-01-01 00:07:52,2020-01-01 00:08:51,0.0006809666519984603,0.17243034711905886,0,0.6733345748271261
473,473,532,2020-01-01 00:07:53,2020-01-01 00:08:52,0.0006868327618576586,0.17733146888869147,0,0.6733345748271261
474,474,533,2020-01-01 00:07:54,2020-01-01 00:08:53,0.0006859992863610387,0.18042823885168346,0,0.6733345748271261
475,475,534,2020-01-01 00:07:55,2020-01-01 00:08:54,0.0006782810669392347,0.18150962037699564,0,0.6733345748271261
476,476,535,2020-01-01 00:07:56,2020-01-01 00:08:55,0.0006637879414483905,0.18053855853421347,0,0.6733345748271261
477,477,536,2020-01-01 00:07:57,2020-01-01 00:08:56,0.0006444433238357306,0.1771398058959416,0,0.6733345748271261
478,478,537,2020-01-01 00:07:58,2020-01-01 00:08:57,0.000620909093413502,0.1716140636375972,0,0.6733345748271261
479,479,538,2020-01-01 00:07:59,2020-01-01 00:08:58,0.0005947643658146262,0.1642868902002062,0,0.6733345748271261
480,480,539,2020-01-01 00:08:00,2020-01-01 00:08:59,0.0005675666616298258,0.1558355242013931,0,0.6733345748271261
481,481,540,2020-01-01 00:08:01,2020-01-01 00:09:00,0.0005408907891251147,0.1466277688741684,0,0.6733345748271261
482,482,541,2020-01-01 00:08:02,2020-01-01 00:09:01,0.0005156964180059731,0.1371363369481904,0,0.6733345748271261
483,483,542,2020-01-01 00:08:03,2020-01-01 00:09:02,0.0004923020023852587,0.12704592304570334,0,0.6733345748271261
484,484,543,2020-01-01 00:08:04,2020-01-01 00:09:03,0.000472272775368765,0.11715939215251378,0,0.6733345748271261
485,485,544,2020-01-01 00:08:05,2020-01-01 00:09:04,0.0004549741861410439,0.10820547172001431,0,0.6733345748271261
486,486,545,2020-01-01 00:08:06,2020-01-01 00:09:05,0.0004404503561090678,0.10106745255844933,0,0.6733345748271261
487,487,546,2020-01-01 00:08:07,2020-01-01 00:09:06,0.0004299752472434193,0.09576869010925293,0,0.6733345748271261
488,488,547,2020-01-01 00:08:08,2020-01-01 00:09:07,0.00042334431782364845,0.0928744003176689,0,0.6733345748271261
489,489,548,2020-01-01 00:08:09,2020-01-01 00:09:08,0.0004232523206155747,0.09186199520315441,0,0.6733345748271261
490,490,549,2020-01-01 00:08:10,2020-01-01 00:09:09,0.0004271052894182503,0.09268734178372791,0,0.6733345748271261
491,491,550,2020-01-01 00:08:11,2020-01-01 00:09:10,0.0004342145402915776,0.09418134284870965,0,0.6733345748271261
492,492,551,2020-01-01 00:08:12,2020-01-01 00:09:11,0.00043782289139926434,0.09540788616452897,0,0.6733345748271261
493,493,552,2020-01-01 00:08:13,2020-01-01 00:09:12,0.00043481923057697713,0.09666645420449119,0,0.6733345748271261
494,494,553,2020-01-01 00:08:14,2020-01-01 00:09:13,0.0004280888242647052,0.09750336089304514,0,0.6733345748271261
495,495,554,2020-01-01 00:08:15,2020-01-01 00:09:14,0.0004179469542577863,0.09654848916190009,0,0.6733345748271261
496,496,555,2020-01-01 00:08:16,2020-01-01 00:09:15,0.0004055712779518217,0.09412286324160438,0,0.6733345748271261
497,497,556,2020-01-01 00:08:17,2020-01-01 00:09:16,0.0003895093686878681,0.09030397555657796,0,0.6733345748271261
498,498,557,2020-01-01 00:08:18,2020-01-01 00:09:17,0.0003728517913259566,0.08600767169679915,0,0.6733345748271261
499,499,558,2020-01-01 00:08:19,2020-01-01 00:09:18,0.000357898126821965,0.08188041512455257,0,0.6733345748271261
500,500,559,2020-01-01 00:08:20,2020-01-01 00:09:19,0.0003448025381658226,0.07730714231729506,0,0.6733345748271261
501,501,560,2020-01-01 00:08:21,2020-01-01 00:09:20,0.0003350006300024688,0.07216320133634975,0,0.6733345748271261
502,502,561,2020-01-01 00:08:22,2020-01-01 00:09:21,0.00032757932785898447,0.06718432903289795,0,0.6733345748271261
503,503,562,2020-01-01 00:08:23,2020-01-01 00:09:22,0.0003193345619365573,0.06332147706832204,0,0.6733345748271261
504,504,563,2020-01-01 00:08:24,2020-01-01 00:09:23,0.00030839949613437057,0.060778060661894937,0,0.6733345748271261
505,505,564,2020-01-01 00:08:25,2020-01-01 00:09:24,0.0002965599705930799,0.05890449721898351,0,0.6733345748271261
506,506,565,2020-01-01 00:08:26,2020-01-01 00:09:25,0.00028467856463976204,0.05713523498603276,0,0.6733345748271261
507,507,566,2020-01-01 00:08:27,2020-01-01 00:09:26,0.0002723603683989495,0.055113072906221666,0,0.6733345748271261
508,508,567,2020-01-01 00:08:28,2020-01-01 00:09:27,0.00026028737192973495,0.053512079907315116,0,0.6733345748271261
509,509,568,2020-01-01 00:08:29,2020-01-01 00:09:28,0.0002511255443096161,0.05275258102587291,0,0.6733345748271261
510,510,569,2020-01-01 00:08:30,2020-01-01 00:09:29,0.00024485893663950264,0.051985312253236764,0,0.6733345748271261
511,511,570,2020-01-01 00:08:31,2020-01-01 00:09:30,0.00024185060465242714,0.05175170994230679,0,0.6733345748271261
512,512,571,2020-01-01 00:08:32,2020-01-01 00:09:31,0.0002422332763671875,0.051486677889313014,0,0.6733345748271261
513,513,572,2020-01-01 00:08:33,2020-01-01 00:09:32,0.00024480512365698814,0.05137528958065169,0,0.6733345748271261
514,514,573,2020-01-01 00:08:34,2020-01-01 00:09:33,0.00024987172218970954,0.05138431010501725,0,0.6733345748271261
515,515,574,2020-01-01 00:08:35,2020-01-01 00:09:34,0.00025590223958715796,0.05081114598682948,0,0.6733345748271261
516,516,575,2020-01-01 00:08:36,2020-01-01 00:09:35,0.00026393154985271394,0.050601313688925335,0,0.6733345748271261
517,517,576,2020-01-01 00:08:37,2020-01-01 00:09:36,0.00027120739105157554,0.04893117451242038,0,0.6733345748271261
518,518,577,2020-01-01 00:08:38,2020-01-01 00:09:37,0.0002796709886752069,0.04734988883137702,0,0.6733345748271261
519,519,578,2020-01-01 00:08:39,2020-01-01 00:09:38,0.0002877777733374387,0.04681068233081272,0,0.6733345748271261
520,520,579,2020-01-01 00:08:40,2020-01-01 00:09:39,0.00029307653312571347,0.04666431780372347,0,0.6733345748271261
521,521,580,2020-01-01 00:08:41,2020-01-01 00:09:40,0.0002985596365761012,0.04785705251353128,0,0.6733345748271261
522,522,581,2020-01-01 00:08:42,2020-01-01 00:09:41,0.0003028293722309172,0.05042102453964097,0,0.6733345748271261
523,523,582,2020-01-01 00:08:43,2020-01-01 00:09:42,0.0003075883723795414,0.05286935610430581,0,0.6733345748271261
524,524,583,2020-01-01 00:08:44,2020-01-01 00:09:43,0.00031430349918082356,0.05772556364536285,0,0.6733345748271261
525,525,584,2020-01-01 00:08:45,2020-01-01 00:09:44,0.0003218397905584425,0.06256006019456045,0,0.6733345748271261
526,526,585,2020-01-01 00:08:46,2020-01-01 00:09:45,0.00033126093330793083,0.0677589140832424,0,0.6733345748271261
527,527,586,2020-01-01 00:08:47,2020-01-01 00:09:46,0.0003415937244426459,0.07370784240109579,0,0.6733345748271261
528,528,587,2020-01-01 00:08:48,2020-01-01 00:09:47,0.00035270137595944107,0.07935359861169541,0,0.6733345748271261
529,529,588,2020-01-01 00:08:49,2020-01-01 00:09:48,0.00036425283178687096,0.08540425449609756,0,0.6733345748271261
530,530,589,2020-01-01 00:08:50,2020-01-01 00:09:49,0.00037534988950937986,0.09138131354536327,0,0.6733345748271261
531,531,590,2020-01-01 00:08:51,2020-01-01 00:09:50,0.00038632797077298164,0.09654335251876285,0,0.6733345748271261
532,532,591,2020-01-01 00:08:52,2020-01-01 00:09:51,0.00039500402635894716,0.10150242383990968,0,0.6733345748271261
533,533,592,2020-01-01 00:08:53,2020-01-01 00:09:52,0.00040156039176508784,0.10585164491619381,0,0.6733345748271261
534,534,593,2020-01-01 00:08:54,2020-01-01 00:09:53,0.00040743540739640594,0.10972660034894942,0,0.6733345748271261
535,535,594,2020-01-01 00:08:55,2020-01-01 00:09:54,0.0004124443221371621,0.11297051821436199,0,0.6733345748271261
536,536,595,2020-01-01 00:08:56,2020-01-01 00:09:55,0.00041656664689071476,0.11513429667268478,0,0.6733345748271261
537,537,596,2020-01-01 00:08:57,2020-01-01 00:09:56,0.0004209087055642158,0.11668294029576436,0,0.6733345748271261
538,538,597,2020-01-01 00:08:58,2020-01-01 00:09:57,0.00042439901153557,0.1175916280065264,0,0.6733345748271261
539,539,598,2020-01-01 00:08:59,2020-01-01 00:09:58,0.0004283520393073559,0.11798356686319623,0,0.6733345748271261
540,540,599,2020-01-01 00:09:00,2020-01-01 00:09:59,0.0004317121347412467,0.11790283982242855,0,0.6733345748271261
541,541,600,2020-01-01 00:09:01,2020-01-01 00:10:00,0.0004350679519120604,0.11778328674180166,0,0.6733345748271261
542,542,601,2020-01-01 00:09:02,2020-01-01 00:10:01,0.0004383502819109708,0.11813821643590926,0,0.6733345748271261
543,543,602,2020-01-01 00:09:03,2020-01-01 00:10:02,0.0004413232090882957,0.11893966048955916,0,0.6733345748271261
544,544,603,2020-01-01 00:09:04,2020-01-01 00:10:03,0.00044464212260209024,0.12032880527632575,0,0.6733345748271261
545,545,604,2020-01-01 00:09:05,2020-01-01 00:10:04,0.000448053382569924,0.12201658104147228,0,0.6733345748271261
546,546,605,2020-01-01 00:09:06,2020-01-01 00:10:05,0.00044952656025998294,0.12496706417628695,0,0.6733345748271261
547,547,606,2020-01-01 00:09:07,2020-01-01 00:10:06,0.0004504813114181161,0.12902747839689255,0,0.6733345748271261
548,548,607,2020-01-01 00:09:08,2020-01-01 00:10:07,0.00044984548003412783,0.13457021117210388,0,0.6733345748271261
549,549,608,2020-01-01 00:09:09,2020-01-01 00:10:08,0.000449489540187642,0.1405623299734933,0,0.6733345748271261
550,550,609,2020-01-01 00:09:10,2020-01-01 00:10:09,0.00044856584281660616,0.14736675577504293,0,0.6733345748271261
551,551,610,2020-01-01 00:09:11,2020-01-01 00:10:10,0.0004526523989625275,0.1544983216694423,0,0.6733345748271261
552,552,611,2020-01-01 00:09:12,2020-01-01 00:10:11,0.0004642508865799755,0.16144860429423197,0,0.6733345748271261
553,553,612,2020-01-01 00:09:13,2020-01-01 00:10:12,0.00047464430099353194,0.16692550906113218,0,0.6733345748271261
554,554,613,2020-01-01 00:09:14,2020-01-01 00:10:13,0.00048274145228788257,0.17122642057282583,0,0.6733345748271261
555,555,614,2020-01-01 00:09:15,2020-01-01 00:10:14,0.00048888596938923,0.1742536404303142,0,0.6733345748271261
556,556,615,2020-01-01 00:09:16,2020-01-01 00:10:15,0.0004949591238982975,0.17645214285169328,0,0.6733345748271261
557,557,616,2020-01-01 00:09:17,2020-01-01 00:10:16,0.0004994484479539096,0.1780844692673002,0,0.6733345748271261
558,558,617,2020-01-01 00:09:18,2020-01-01 00:10:17,0.0005012617912143469,0.17946186661720273,0,0.6733345748271261
559,559,618,2020-01-01 00:09:19,2020-01-01 00:10:18,0.0004985704435966909,0.18036167749336784,0,0.6733345748271261
560,560,619,2020-01-01 00:09:20,2020-01-01 00:10:19,0.0004910879069939256,0.18009420164993833,0,0.6733345748271261
561,561,620,2020-01-01 00:09:21,2020-01-01 00:10:20,0.0004776939458679408,0.1790787492479597,0,0.6733345748271261
562,562,621,2020-01-01 00:09:22,2020-01-01 00:10:21,0.0004591753822751343,0.17709698847361974,0,0.6733345748271261
563,563,622,2020-01-01 00:09:23,2020-01-01 00:10:22,0.00044119067024439573,0.17441617803914203,0,0.6733345748271261
564,564,623,2020-01-01 00:09:24,2020-01-01 00:10:23,0.00042645580833777785,0.1705810576677322,0,0.6733345748271261
565,565,624,2020-01-01 00:09:25,2020-01-01 00:10:24,0.00041320096352137625,0.1658028342894145,0,0.6733345748271261
566,566,625,2020-01-01 00:09:26,2020-01-01 00:10:25,0.00040101015474647284,0.16115316109997885,0,0.6733345748271261
567,567,626,2020-01-01 00:09:27,2020-01-01 00:10:26,0.00039014435606077313,0.15769076985972266,0,0.6733345748271261
568,568,627,2020-01-01 00:09:28,2020-01-01 00:10:27,0.0003805137821473181,0.15501380605357035,0,0.6733345748271261
569,569,628,2020-01-01 00:09:29,2020-01-01 00:10:28,0.00037234960473142564,0.1528546448264803,0,0.6733345748271261
570,570,629,2020-01-01 00:09:30,2020-01-01 00:10:29,0.0003665959811769426,0.15134916773864202,0,0.6733345748271261
571,571,630,2020-01-01 00:09:31,2020-01-01 00:10:30,0.00036333000753074884,0.15064191818237302,0,0.6733345748271261
572,572,631,2020-01-01 00:09:32,2020-01-01 00:10:31,0.00036310774157755077,0.15089724532195498,0,0.6733345748271261
573,573,632,2020-01-01 00:09:33,2020-01-01 00:10:32,0.00036648742388933897,0.15137335445199693,0,0.6733345748271261
574,574,633,2020-01-01 00:09:34,2020-01-01 00:10:33,0.00037345473538152874,0.1522857482944216,0,0.6733345748271261
575,575,634,2020-01-01 00:09:35,2020-01-01 00:10:34,0.00038380041951313615,0.15397602106843677,0,0.6733345748271261
576,576,635,2020-01-01 00:09:36,2020-01-01 00:10:35,0.0003987040836364031,0.1567492527621133,0,0.6733345748271261
577,577,636,2020-01-01 00:09:37,2020-01-01 00:10:36,0.0004176431684754789,0.16080238776547567,0,0.6733345748271261
578,578,637,2020-01-01 00:09:38,2020-01-01 00:10:37,0.00044297947897575796,0.16595681224550518,0,0.6733345748271261
579,579,638,2020-01-01 00:09:39,2020-01-01 00:10:38,0.0004701612633652985,0.17214313788073404,0,0.6733345748271261
580,580,639,2020-01-01 00:09:40,2020-01-01 00:10:39,0.000499068177305162,0.17995299398899078,0,0.6733345748271261
581,581,640,2020-01-01 00:09:41,2020-01-01 00:10:40,0.0005259981844574213,0.1890477899994169,0,0.6733345748271261
582,582,641,2020-01-01 00:09:42,2020-01-01 00:10:41,0.0005517650861293077,0.199630862900189,0,0.6733345748271261
583,583,642,2020-01-01 00:09:43,2020-01-01 00:10:42,0.0005743340589106083,0.2113220819405147,0,0.6733345748271261
584,584,643,2020-01-01 00:09:44,2020-01-01 00:10:43,0.0005970186903141439,0.2230878791638783,0,0.6733345748271261
585,585,644,2020-01-01 00:09:45,2020-01-01 00:10:44,0.0006175051676109433,0.2342500580208642,0,0.6733345748271261
586,586,645,2020-01-01 00:09:46,2020-01-01 00:10:45,0.0006352121708914638,0.2686166827167783,0,0.6733345748271261
587,587,646,2020-01-01 00:09:47,2020-01-01 00:10:46,0.0006433504167944193,0.3092659264802933,0,0.6733345748271261
588,588,647,2020-01-01 00:09:48,2020-01-01 00:10:47,0.0006472109234891832,0.348037879381861,0,0.6733345748271261
589,589,648,2020-01-01 00:09:49,2020-01-01 00:10:48,0.0006896773120388389,0.38355564219611027,0,0.6733345748271261
590,590,649,2020-01-01 00:09:50,2020-01-01 00:10:49,0.0007048741681501269,0.4262119191033499,0,0.6733345748271261
591,591,650,2020-01-01 00:09:51,2020-01-01 00:10:50,0.0006925602210685611,0.47014955537659775,0,0.6733345748271261
592,592,651,2020-01-01 00:09:52,2020-01-01 00:10:51,0.0006671256269328296,0.5126143821648188,0,0.6733345748271261
593,593,652,2020-01-01 00:09:53,2020-01-01 00:10:52,0.0006536623113788664,0.5284439538206372,0,0.6733345748271261
594,594,653,2020-01-01 00:09:54,2020-01-01 00:10:53,0.0006318120285868645,0.5352602771350315,0,0.6733345748271261
595,595,654,2020-01-01 00:09:55,2020-01-01 00:10:54,0.0006042202585376799,0.5426695346832275,0,0.6733345748271261
596,596,655,2020-01-01 00:09:56,2020-01-01 00:10:55,0.0005739170592278242,0.5521486742155892,0,0.6733345748271261
597,597,656,2020-01-01 00:09:57,2020-01-01 00:10:56,0.0005585299804806709,0.5538829650197711,0,0.6733345748271261
598,598,657,2020-01-01 00:09:58,2020-01-01 00:10:57,0.0005702089983969927,0.5546863675117493,0,0.6733345748271261
599,599,658,2020-01-01 00:09:59,2020-01-01 00:10:58,0.0006062948959879577,0.5578657814434597,0,0.6733345748271261
600,600,659,2020-01-01 00:10:00,2020-01-01 00:10:59,0.0006571915000677109,0.5640207699366978,0,0.6733345748271261
601,601,660,2020-01-01 00:10:01,2020-01-01 00:11:00,0.0007155171479098499,0.5730481743812561,0,0.6733345748271261
602,602,661,2020-01-01 00:10:02,2020-01-01 00:11:01,0.0007754999678581953,0.5841975808143616,0,0.6733345748271261
603,603,662,2020-01-01 00:10:03,2020-01-01 00:11:02,0.0008374571916647255,0.596823717866625,0,0.6733345748271261
604,604,663,2020-01-01 00:10:04,2020-01-01 00:11:03,0.0009060976444743574,0.6098599859646388,0,0.6733345748271261
605,605,664,2020-01-01 00:10:05,2020-01-01 00:11:04,0.0009817567188292742,0.6241975852421351,0,0.6733345748271261
606,606,665,2020-01-01 00:10:06,2020-01-01 00:11:05,0.0010600457899272442,0.6384446706090654,0,0.6733345748271261
607,607,666,2020-01-01 00:10:07,2020-01-01 00:11:06,0.0011391070438548923,0.6495481899806431,0,0.6733345748271261
608,608,667,2020-01-01 00:10:08,2020-01-01 00:11:07,0.0012169145047664642,0.5630660482815334,0,0.6733345748271261
609,609,668,2020-01-01 00:10:09,2020-01-01 00:11:08,0.0012933266116306186,0.47432403053556166,0,0.6733345748271261
610,610,669,2020-01-01 00:10:10,2020-01-01 00:11:09,0.001369750709272921,0.38319494894572664,0,0.6733345748271261
